YEAR,COUNTY,STATE,fffff,FFF,FF,LOG RGDP,GGG,GG,LOG TRI,REGION1,REGION2,REGION3,REGION4,ROC,REGION6,REGION7,CUANTI,LOG CUANTI
2001,JUNEAU CITY AND BOROUGH,AK,419.9416634,176.3510007,176351.0007,12.08023161,6522.898883,42548209.83,17.56614834,0,0,0,0,0,0,1,14,2.63905733
2002,JUNEAU CITY AND BOROUGH,AK,383.8840964,147.3669995,147366.9995,11.90068135,6091.243122,37103242.77,17.42921493,0,0,0,0,0,0,1,10,2.302585093
2003,JUNEAU CITY AND BOROUGH,AK,403.9690576,163.1909995,163190.9995,12.00267657,6622.316187,43855071.69,17.59640093,0,0,0,0,0,0,1,10,2.302585093
2004,JUNEAU CITY AND BOROUGH,AK,461.4531399,212.9390003,212939.0003,12.26876102,6883.624644,47384288.24,17.67380126,0,0,0,0,0,0,1,10,2.302585093
2005,JUNEAU CITY AND BOROUGH,AK,437.8127446,191.6799993,191679.9993,12.16358259,6585.165028,43364398.44,17.58514935,0,0,0,0,0,0,1,10,2.302585093
2006,JUNEAU CITY AND BOROUGH,AK,652.0966193,425.2300009,425230.0009,12.96038548,6667.115389,44450427.61,17.60988514,0,0,0,0,0,0,1,10,2.302585093
2007,JUNEAU CITY AND BOROUGH,AK,710.2091258,504.3970023,504397.0023,13.13111894,6640.12734,44091291.09,17.60177284,0,0,0,0,0,0,1,11,2.397895273
2008,JUNEAU CITY AND BOROUGH,AK,565.5492908,319.8460003,319846.0003,12.67559491,6629.804463,43954307.22,17.59866118,0,0,0,0,0,0,1,14,2.63905733
2009,JUNEAU CITY AND BOROUGH,AK,573.6497193,329.0740005,329074.0005,12.70403793,6873.373,47243256.4,17.67082048,0,0,0,0,0,0,1,13,2.564949357
2010,JUNEAU CITY AND BOROUGH,AK,662.3699886,438.7340018,438734.0018,12.99164859,6876.021512,47279671.83,17.67159099,0,0,0,0,0,0,1,15,2.708050201
2011,JUNEAU CITY AND BOROUGH,AK,667.1768879,445.1249997,445124.9997,13.00611042,6859.779827,47056579.27,17.66686125,0,0,0,0,0,0,1,17,2.833213344
2012,JUNEAU CITY AND BOROUGH,AK,634.6345396,402.7609988,402760.9988,12.90609861,7059.444961,49835763.16,17.72424342,0,0,0,0,0,0,1,19,2.944438979
2013,JUNEAU CITY AND BOROUGH,AK,648.4250159,420.4550012,420455.0012,12.94909274,7254.43529,52626831.38,17.77873665,0,0,0,0,0,0,1,22,3.091042453
2014,JUNEAU CITY AND BOROUGH,AK,657.7066229,432.5780018,432578.0018,12.97751794,6598.668597,43542427.26,17.58924636,0,0,0,0,0,0,1,25,3.218875825
2015,JUNEAU CITY AND BOROUGH,AK,589.6982291,347.7440014,347744.0014,12.75922186,5667.616965,32121882.06,17.28504804,0,0,0,0,0,0,1,25,3.218875825
2016,JUNEAU CITY AND BOROUGH,AK,623.1035239,388.2580015,388258.0015,12.86942535,6613.102385,43733123.16,17.59361634,0,0,0,0,0,0,1,25,3.218875825
2017,JUNEAU CITY AND BOROUGH,AK,701.86537,492.6149976,492614.9976,13.10748321,7805.418024,60924550.53,17.92514678,0,0,0,0,0,0,1,26,3.258096538
2018,JUNEAU CITY AND BOROUGH,AK,655.6874256,429.9260001,429926.0001,12.97136838,7602.900019,57804088.71,17.87257007,0,0,0,0,0,0,1,27,3.295836866
2019,JUNEAU CITY AND BOROUGH,AK,606.3728222,367.6879995,367687.9995,12.81499003,7756.546458,60164012.95,17.91258494,0,0,0,0,0,0,1,27,3.295836866
2020,JUNEAU CITY AND BOROUGH,AK,680.9530084,463.6969997,463696.9997,13.0469866,7797.970254,60808340.09,17.92323751,0,0,0,0,0,0,1,27,3.295836866
2021,JUNEAU CITY AND BOROUGH,AK,708.8194396,502.424998,502424.998,13.12720165,8555.358964,73194167,18.10862629,0,0,0,0,0,0,1,26,3.258096538
2022,JUNEAU CITY AND BOROUGH,AK,678.516763,460.3849977,460384.9977,13.03981837,9605.660797,92268719.34,18.34021574,0,0,0,0,0,0,1,26,3.258096538
2023,JUNEAU CITY AND BOROUGH,AK,633.3656142,401.1520013,401152.0013,12.90209569,10021.57687,100432003.1,18.42499147,0,0,0,0,0,0,1,26,3.258096538
2001,GILA,AZ,490.5700758,240.6589993,240658.9993,12.39113627,9908.649831,98181341.48,18.40232675,0,0,0,0,0,1,0,29,3.36729583
2002,GILA,AZ,454.8692113,206.9059994,206905.9994,12.24001986,4772.451103,22776289.53,16.94123062,0,0,0,0,0,1,0,25,3.218875825
2003,GILA,AZ,438.6661608,192.4280006,192428.0006,12.16747734,3688.223482,13602992.46,16.42580036,0,0,0,0,0,1,0,23,3.135494216
2004,GILA,AZ,488.9263746,239.0489998,239048.9998,12.38442383,4636.444477,21496617.39,16.88340615,0,0,0,0,0,1,0,24,3.17805383
2005,GILA,AZ,512.1913701,262.3399996,262339.9996,12.47739665,5166.052029,26688093.56,17.09972809,0,0,0,0,0,1,0,22,3.091042453
2006,GILA,AZ,613.0073402,375.7779991,375777.9991,12.83675382,7665.761239,58763895.37,17.8890382,0,0,0,0,0,1,0,22,3.091042453
2007,GILA,AZ,646.489751,417.9489981,417948.9981,12.94311469,6173.289845,38109507.51,17.45597435,0,0,0,0,0,1,0,24,3.17805383
2008,GILA,AZ,653.8096049,427.4669994,427466.9994,12.96563237,5227.662022,27328450.22,17.12343885,0,0,0,0,0,1,0,28,3.33220451
2009,GILA,AZ,649.2025866,421.4639985,421463.9985,12.95148964,4550.458927,20706676.45,16.84596674,0,0,0,0,0,1,0,26,3.258096538
2010,GILA,AZ,744.6730813,554.537998,554537.998,13.22589061,5041.00255,25411706.71,17.05072052,0,0,0,0,0,1,0,28,3.33220451
2011,GILA,AZ,758.0375972,574.6209988,574620.9988,13.26146597,4720.999714,22287838.3,16.91955172,0,0,0,0,0,1,0,27,3.295836866
2012,GILA,AZ,675.5975138,456.4320007,456432.0007,13.03119501,4668.53373,21795207.19,16.89720065,0,0,0,0,0,1,0,30,3.401197382
2013,GILA,AZ,788.6906852,622.0329969,622032.9969,13.34074842,4959.027292,24591951.68,17.01792978,0,0,0,0,0,1,0,33,3.496507561
2014,GILA,AZ,689.8920217,475.9510016,475951.0016,13.07307019,4938.376439,24387561.85,17.0095838,0,0,0,0,0,1,0,28,3.33220451
2015,GILA,AZ,583.7336733,340.7450014,340745.0014,12.73888968,4756.16966,22621149.83,16.93439586,0,0,0,0,0,1,0,29,3.36729583
2016,GILA,AZ,539.6591519,291.2320002,291232.0002,12.58187548,5720.552811,32724724.46,17.30364145,0,0,0,0,0,1,0,29,3.36729583
2017,GILA,AZ,584.1258435,341.203001,341203.001,12.74023289,4905.450143,24063441.1,16.99620428,0,0,0,0,0,1,0,37,3.610917913
2018,GILA,AZ,542.2600861,294.046001,294046.001,12.5914915,3727.449487,13893879.68,16.44695899,0,0,0,0,0,1,0,14,2.63905733
2019,GILA,AZ,526.8956256,277.6190003,277619.0003,12.53400495,3461.899791,11984750.17,16.29914558,0,0,0,0,0,1,0,11,2.397895273
2020,GILA,AZ,574.4275416,329.9670005,329967.0005,12.70674793,2255.753066,5088421.894,15.4424783,0,0,0,0,0,1,0,12,2.48490665
2021,GILA,AZ,639.3551434,408.7749994,408774.9994,12.92092016,3292.996485,10843825.85,16.19910643,0,0,0,0,0,1,0,12,2.48490665
2022,GILA,AZ,587.0758043,344.658,344658,12.7503079,2604.71899,6784561.016,15.73016015,0,0,0,0,0,1,0,12,2.48490665
2023,GILA,AZ,522.0641719,272.5509996,272550.9996,12.51558103,2536.76369,6435170.021,15.67728882,0,0,0,0,0,1,0,12,2.48490665
2002,GREENLEE,AZ,871.4981351,759.5089994,759508.9994,13.54042745,2085.076908,4347545.713,15.28512204,0,0,0,0,0,1,0,20,2.995732274
2003,GREENLEE,AZ,925.5679324,856.6759974,856675.9974,13.66081506,2115.194787,4474048.986,15.31380437,0,0,0,0,0,1,0,21,3.044522438
2004,GREENLEE,AZ,1018.101172,1036.529996,1036529.996,13.85138915,2369.664398,5615309.36,15.54100724,0,0,0,0,0,1,0,19,2.944438979
2005,GREENLEE,AZ,1144.569789,1310.040001,1310040.001,14.08556823,2321.690516,5390246.852,15.50010174,0,0,0,0,0,1,0,18,2.890371758
2006,GREENLEE,AZ,1251.512683,1566.283996,1566283.996,14.26421649,1544.13827,2384362.998,14.68444256,0,0,0,0,0,1,0,19,2.944438979
2007,GREENLEE,AZ,1251.038368,1565.096999,1565096.999,14.26345836,2884.520816,8320460.335,15.93422814,0,0,0,0,0,1,0,19,2.944438979
2008,GREENLEE,AZ,1302.217722,1695.770996,1695770.996,14.34364806,2937.816243,8630764.28,15.97084362,0,0,0,0,0,1,0,19,2.944438979
2009,GREENLEE,AZ,1055.605986,1114.303997,1114303.997,13.92374055,1128.262294,1272975.804,14.05686787,0,0,0,0,0,1,0,15,2.708050201
2010,GREENLEE,AZ,1108.378095,1228.502001,1228502.001,14.0213061,1723.074725,2968986.51,14.90373121,0,0,0,0,0,1,0,14,2.63905733
2011,GREENLEE,AZ,1164.187701,1355.333002,1355333.002,14.11955774,2189.66553,4794635.132,15.38300817,0,0,0,0,0,1,0,17,2.833213344
2012,GREENLEE,AZ,1082.650451,1172.131999,1172131.999,13.97433487,1935.204926,3745018.107,15.13593701,0,0,0,0,0,1,0,18,2.890371758
2013,GREENLEE,AZ,1075.053488,1155.740001,1155740.001,13.96025139,1958.650559,3836312.014,15.16002205,0,0,0,0,0,1,0,18,2.890371758
2014,GREENLEE,AZ,1140.215331,1300.091,1300091,14.07794482,2278.289372,5190602.463,15.46236033,0,0,0,0,0,1,0,20,2.995732274
2015,GREENLEE,AZ,1032.748274,1066.568997,1066568.997,13.87995751,2792.011548,7795328.485,15.8690352,0,0,0,0,0,1,0,23,3.135494216
2016,GREENLEE,AZ,963.6576147,928.6359983,928635.9983,13.74147212,2987.61427,8925839.028,16.00446089,0,0,0,0,0,1,0,23,3.135494216
2017,GREENLEE,AZ,1069.32689,1143.459998,1143459.998,13.94956931,3058.599086,9355028.367,16.05142455,0,0,0,0,0,1,0,23,3.135494216
2018,GREENLEE,AZ,1029.786873,1060.461003,1060461.003,13.87421428,3660.240209,13397358.38,16.41056811,0,0,0,0,0,1,0,27,3.295836866
2019,GREENLEE,AZ,1029.492107,1059.853999,1059853.999,13.87364172,3115.495149,9706310.025,16.08828675,0,0,0,0,0,1,0,24,3.17805383
2020,GREENLEE,AZ,1137.734149,1294.438994,1294438.994,14.07358795,3130.843998,9802184.138,16.09811579,0,0,0,0,0,1,0,28,3.33220451
2021,GREENLEE,AZ,1288.971297,1661.447004,1661447.004,14.32319947,2888.473887,8343281.398,15.93696715,0,0,0,0,0,1,0,27,3.295836866
2022,GREENLEE,AZ,1157.98489,1340.929006,1340929.006,14.10887322,2217.385183,4916797.048,15.40816787,0,0,0,0,0,1,0,29,3.36729583
2003,PINAL,AZ,606.0849786,367.3390013,367339.0013,12.81404041,1245.187257,1550491.306,14.25408241,0,0,0,0,0,1,0,12,2.48490665
2004,PINAL,AZ,666.3962776,444.0839988,444083.9988,13.00376901,1032.078919,1065186.895,13.87866083,0,0,0,0,0,1,0,8,2.079441542
2005,PINAL,AZ,688.5121637,474.0489996,474048.9996,13.06906597,1248.256585,1558144.503,14.25900625,0,0,0,0,0,1,0,13,2.564949357
2006,PINAL,AZ,749.5618719,561.8429998,561842.9998,13.23897773,1342.58292,1802528.898,14.40470118,0,0,0,0,0,1,0,17,2.833213344
2007,PINAL,AZ,819.3027511,671.2569979,671256.9979,13.41690735,1131.640705,1280610.685,14.06284762,0,0,0,0,0,1,0,11,2.397895273
2008,PINAL,AZ,796.0427138,633.6840022,633684.0022,13.35930569,3729.141387,13906495.48,16.44786659,0,0,0,0,0,1,0,14,2.63905733
2009,PINAL,AZ,770.6529712,593.906002,593906.002,13.29447634,710.9751191,505485.62,13.13327487,0,0,0,0,0,1,0,8,2.079441542
2010,PINAL,AZ,802.7104069,644.3439974,644343.9974,13.37598802,689.0160635,474743.1358,13.07052917,0,0,0,0,0,1,0,14,2.63905733
2011,PINAL,AZ,844.4880113,713.1600013,713160.0013,13.47746108,1982.747434,3931287.389,15.18447751,0,0,0,0,0,1,0,15,2.708050201
2012,PINAL,AZ,823.9538821,678.8999998,678899.9998,13.42822912,1108.810375,1229460.447,14.02208597,0,0,0,0,0,1,0,15,2.708050201
2013,PINAL,AZ,661.5066127,437.5909986,437590.9986,12.98903996,1326.699921,1760132.679,14.38089975,0,0,0,0,0,1,0,11,2.397895273
2014,PINAL,AZ,663.2684233,439.9250014,439925.0014,12.99435954,870.4799315,757735.3112,13.53808941,0,0,0,0,0,1,0,12,2.48490665
2015,PINAL,AZ,551.7988761,304.4819997,304481.9997,12.62636725,1317.851002,1736731.263,14.36751532,0,0,0,0,0,1,0,10,2.302585093
2016,PINAL,AZ,514.5512621,264.7630013,264763.0013,12.48659037,1552.308443,2409661.502,14.69499684,0,0,0,0,0,1,0,12,2.48490665
2017,PINAL,AZ,586.6472546,344.1550013,344155.0013,12.74884742,1185.203602,1404707.579,14.15533971,0,0,0,0,0,1,0,9,2.197224577
2018,PINAL,AZ,636.5893499,405.2460004,405246.0004,12.91224957,1551.422351,2406911.311,14.69385487,0,0,0,0,0,1,0,11,2.397895273
2019,PINAL,AZ,567.6477767,322.2239984,322223.9984,12.68300223,1338.154915,1790658.577,14.39809403,0,0,0,0,0,1,0,13,2.564949357
2020,PINAL,AZ,582.9416788,339.8210009,339821.0009,12.73617429,677.9966453,459679.451,13.03828468,0,0,0,0,0,1,0,12,2.48490665
2021,PINAL,AZ,616.5273716,380.1059999,380105.9999,12.84820544,792.4702535,628009.1026,13.35030994,0,0,0,0,0,1,0,9,2.197224577
2022,PINAL,AZ,525.6310496,276.2880003,276288.0003,12.52919908,1028.525302,1057864.298,13.87176262,0,0,0,0,0,1,0,9,2.197224577
2023,PINAL,AZ,562.5699967,316.4850012,316485.0012,12.66503113,1216.657757,1480256.098,14.20772567,0,0,0,0,0,1,0,10,2.302585093
2002,YAVAPAI ,AZ,488.6051578,238.7350002,238735.0002,12.38310943,854.3850283,729973.7766,13.50076389,0,0,0,0,0,1,0,14,2.63905733
2003,YAVAPAI ,AZ,559.5516063,313.0980001,313098.0001,12.65427152,1006.552435,1013147.804,13.82857268,0,0,0,0,0,1,0,13,2.564949357
2004,YAVAPAI ,AZ,650.2107363,422.7740016,422774.0016,12.95459304,1173.288542,1376606.003,14.13513161,0,0,0,0,0,1,0,18,2.890371758
2005,YAVAPAI ,AZ,724.5018969,524.9029986,524902.9986,13.17096876,1277.550274,1632134.703,14.30539935,0,0,0,0,0,1,0,18,2.890371758
2006,YAVAPAI ,AZ,787.6325271,620.3649978,620364.9978,13.33806329,1664.526229,2770647.568,14.83459163,0,0,0,0,0,1,0,18,2.890371758
2007,YAVAPAI ,AZ,730.399891,533.4840007,533484.0007,13.18718436,1437.012041,2065003.605,14.54064253,0,0,0,0,0,1,0,19,2.944438979
2008,YAVAPAI ,AZ,707.2439458,500.1939989,500193.9989,13.1227513,1437.286888,2065793.599,14.54102502,0,0,0,0,0,1,0,16,2.772588722
2009,YAVAPAI ,AZ,682.6045724,465.9490023,465949.0023,13.05183147,1086.446964,1180367.006,13.98133597,0,0,0,0,0,1,0,12,2.48490665
2010,YAVAPAI ,AZ,732.0334686,535.8729991,535872.9991,13.19165247,1121.76962,1258367.08,14.04532547,0,0,0,0,0,1,0,11,2.397895273
2011,YAVAPAI ,AZ,706.4361267,499.0520011,499052.0011,13.12046558,1172.566248,1374911.605,14.1339,0,0,0,0,0,1,0,15,2.708050201
2012,YAVAPAI ,AZ,663.4628857,440.1830007,440183.0007,12.99494583,1069.055006,1142878.605,13.94906073,0,0,0,0,0,1,0,14,2.63905733
2013,YAVAPAI ,AZ,651.492901,424.443,424443,12.958533,1077.512228,1161032.601,13.96482034,0,0,0,0,0,1,0,15,2.708050201
2014,YAVAPAI ,AZ,659.8969623,435.4640008,435464.0008,12.98416741,1102.276692,1215013.906,14.01026608,0,0,0,0,0,1,0,14,2.63905733
2015,YAVAPAI ,AZ,574.242109,329.7539997,329753.9997,12.7061022,2151.269603,4627960.906,15.34762692,0,0,0,0,0,1,0,15,2.708050201
2016,YAVAPAI ,AZ,549.1092776,301.5209987,301520.9987,12.61659494,1793.436983,3216416.212,14.98377832,0,0,0,0,0,1,0,13,2.564949357
2017,YAVAPAI ,AZ,606.727287,368.1180008,368118.0008,12.81615882,1660.218119,2756324.204,14.82940854,0,0,0,0,0,1,0,15,2.708050201
2018,YAVAPAI ,AZ,559.0071563,312.4890008,312489.0008,12.65232455,1342.625192,1802642.406,14.40476415,0,0,0,0,0,1,0,16,2.772588722
2019,YAVAPAI ,AZ,574.8373694,330.4380013,330438.0013,12.70817433,1544.206562,2384573.905,14.68453101,0,0,0,0,0,1,0,15,2.708050201
2020,YAVAPAI ,AZ,648.516768,420.5739984,420573.9984,12.94937572,1812.953088,3286798.899,15.00542467,0,0,0,0,0,1,0,20,2.995732274
2021,YAVAPAI ,AZ,731.6030351,535.2430009,535243.0009,13.19047613,2222.58314,4939875.814,15.41285075,0,0,0,0,0,1,0,19,2.944438979
2022,YAVAPAI ,AZ,652.6377252,425.9360003,425936.0003,12.96204438,2138.210065,4571942.284,15.33544868,0,0,0,0,0,1,0,21,3.044522438
2001,MOFFAT,CO,484.8401795,235.0699997,235069.9997,12.36763862,1557.913344,2427093.988,14.70220521,0,0,0,0,1,0,0,12,2.48490665
2002,MOFFAT,CO,483.9628077,234.2199992,234219.9992,12.36401612,1558.928796,2430258.99,14.70350839,0,0,0,0,1,0,0,12,2.48490665
2003,MOFFAT,CO,504.0486091,254.0650003,254065.0003,12.44534542,1471.149549,2164280.994,14.58759876,0,0,0,0,1,0,0,10,2.302585093
2004,MOFFAT,CO,484.6699917,234.9050009,234905.0009,12.36693646,1518.437683,2305652.997,14.65087449,0,0,0,0,1,0,0,11,2.397895273
2005,MOFFAT,CO,521.5246887,271.9880009,271988.0009,12.51351323,1518.198403,2304926.392,14.6505593,0,0,0,0,1,0,0,11,2.397895273
2006,MOFFAT,CO,534.3865642,285.569,285569,12.56223896,1344.279943,1807088.564,14.40722758,0,0,0,0,1,0,0,9,2.197224577
2007,MOFFAT,CO,512.4187746,262.5730006,262573.0006,12.47828442,1351.526968,1826625.147,14.41798064,0,0,0,0,1,0,0,9,2.197224577
2008,MOFFAT,CO,500.2479397,250.2480012,250248.0012,12.43020771,1190.254912,1416706.756,14.16384555,0,0,0,0,1,0,0,9,2.197224577
2009,MOFFAT,CO,484.3696936,234.6140001,234614.0001,12.36569689,1234.476194,1523931.475,14.23680405,0,0,0,0,1,0,0,9,2.197224577
2010,MOFFAT,CO,449.2894389,201.8609999,201860.9999,12.21533462,1288.928265,1661336.073,14.3231327,0,0,0,0,1,0,0,9,2.197224577
2011,MOFFAT,CO,439.7226402,193.3560003,193356.0003,12.17228833,1156.691825,1337935.979,14.10663867,0,0,0,0,1,0,0,9,2.197224577
2012,MOFFAT,CO,393.4780815,154.8250006,154825.0006,11.95005073,1077.393352,1160776.435,13.96459968,0,0,0,0,1,0,0,8,2.079441542
2013,MOFFAT,CO,399.9862494,159.9889997,159988.9997,11.98286034,1115.974971,1245400.135,14.03496743,0,0,0,0,1,0,0,9,2.197224577
2014,MOFFAT,CO,394.7505534,155.8279994,155827.9994,11.95650811,1249.143662,1560359.888,14.26042705,0,0,0,0,1,0,0,8,2.079441542
2015,MOFFAT,CO,389.7973836,151.9420003,151942.0003,11.93125415,1060.569307,1124807.255,13.93312225,0,0,0,0,1,0,0,9,2.197224577
2016,MOFFAT,CO,411.5968908,169.4120005,169412.0005,12.0400889,1145.916595,1313124.842,14.08792023,0,0,0,0,1,0,0,9,2.197224577
2017,MOFFAT,CO,384.5373852,147.8690006,147869.0006,11.90408203,1030.586132,1062107.776,13.87576596,0,0,0,0,1,0,0,9,2.197224577
2018,MOFFAT,CO,352.0965772,123.9719997,123971.9997,11.72781101,997.9307249,995865.7318,13.81136772,0,0,0,0,1,0,0,9,2.197224577
2019,MOFFAT,CO,363.2368369,131.9409997,131940.9997,11.79011013,1058.50807,1120439.335,13.92923143,0,0,0,0,1,0,0,9,2.197224577
2020,MOFFAT,CO,392.2511958,153.8610006,153861.0006,11.94380488,865.5858579,749238.8773,13.52681314,0,0,0,0,1,0,0,7,1.945910149
2021,MOFFAT,CO,389.5882433,151.7789993,151778.9993,11.93018079,853.9131707,729167.7031,13.49965903,0,0,0,0,1,0,0,7,1.945910149
2022,MOFFAT,CO,414.0108701,171.4050006,171405.0006,12.05178446,959.0884671,919850.6878,13.73196664,0,0,0,0,1,0,0,10,2.302585093
2023,MOFFAT,CO,409.3274963,167.5489992,167548.9992,12.02903112,785.2094716,616553.9143,13.33190105,0,0,0,0,1,0,0,9,2.197224577
2002,TELLER,CO,274.639764,75.42699999,75426.99999,11.23092058,1716.196545,2945330.58,14.89573162,0,0,0,0,1,0,0,12,2.48490665
2003,TELLER,CO,328.4980971,107.9109998,107910.9998,11.58906209,1784.492116,3184412.113,14.97377825,0,0,0,0,1,0,0,10,2.302585093
2004,TELLER,CO,316.8801035,100.413,100413,11.51704696,1868.529095,3491400.978,15.06581364,0,0,0,0,1,0,0,9,2.197224577
2005,TELLER,CO,394.1281519,155.3370001,155337.0001,11.95335223,1717.686249,2950446.049,14.89746692,0,0,0,0,1,0,0,9,2.197224577
2006,TELLER,CO,354.2993085,125.528,125528,11.74028412,1815.850052,3297311.41,15.00861797,0,0,0,0,1,0,0,8,2.079441542
2007,TELLER,CO,365.8455958,133.843,133843,11.80442275,1653.746105,2734876.179,14.82159672,0,0,0,0,1,0,0,7,1.945910149
2008,TELLER,CO,339.4127285,115.2010003,115201.0003,11.65443371,1552.166584,2409221.104,14.69481406,0,0,0,0,1,0,0,9,2.197224577
2009,TELLER,CO,394.0380685,155.2659994,155265.9994,11.95289505,1815.140629,3294735.501,15.00783645,0,0,0,0,1,0,0,8,2.079441542
2010,TELLER,CO,379.2769435,143.8509999,143850.9999,11.87653332,1942.820787,3774552.611,15.14379242,0,0,0,0,1,0,0,8,2.079441542
2011,TELLER,CO,363.3345573,132.0120005,132012.0005,11.79064811,1962.294214,3850598.582,15.16373917,0,0,0,0,1,0,0,8,2.079441542
2012,TELLER,CO,353.8234023,125.191,125191,11.73759585,1922.129654,3694582.406,15.12237809,0,0,0,0,1,0,0,7,1.945910149
2013,TELLER,CO,382.2446868,146.1110006,146111.0006,11.89212189,2021.090174,4084805.492,15.22278467,0,0,0,0,1,0,0,8,2.079441542
2014,TELLER,CO,402.9367191,162.3579996,162357.9996,11.99755905,1892.406777,3581203.41,15.09120945,0,0,0,0,1,0,0,8,2.079441542
2015,TELLER,CO,413.6774112,171.1290005,171129.0005,12.05017294,1906.275791,3633887.392,15.10581354,0,0,0,0,1,0,0,8,2.079441542
2016,TELLER,CO,374.097581,139.9490001,139949.0001,11.84903335,2982.364302,8894496.832,16.00094331,0,0,0,0,1,0,0,8,2.079441542
2017,TELLER,CO,446.0134529,198.9280002,198928.0002,12.20069823,3189.4443,10172554.94,16.13520396,0,0,0,0,1,0,0,9,2.197224577
2018,TELLER,CO,381.1836824,145.3009997,145300.9997,11.88656273,2787.202323,7768496.788,15.86558724,0,0,0,0,1,0,0,9,2.197224577
2019,TELLER,CO,420.2166115,176.5820006,176582.0006,12.08154064,2542.996579,6466831.599,15.68219684,0,0,0,0,1,0,0,9,2.197224577
2020,TELLER,CO,442.864538,196.128999,196128.999,12.18652788,2367.13864,5603345.343,15.53887436,0,0,0,0,1,0,0,9,2.197224577
2001,CUSTER ,ID,172.6064892,29.79300013,29793.00013,10.30202875,544.7969084,296803.6714,12.60082616,0,0,0,0,1,0,0,2,0.693147181
2002,CUSTER ,ID,171.6537214,29.46500008,29465.00008,10.2909584,687.8176437,473093.1109,13.0670475,0,0,0,0,1,0,0,3,1.098612289
2003,CUSTER ,ID,183.9320526,33.83099997,33830.99997,10.42913282,1218.847215,1485588.533,14.21132157,0,0,0,0,1,0,0,3,1.098612289
2004,CUSTER ,ID,217.4741363,47.29499997,47294.99997,10.76415986,1033.578323,1068284.149,13.88156432,0,0,0,0,1,0,0,4,1.386294361
2005,CUSTER ,ID,396.6295493,157.3149994,157314.9994,11.96600544,1198.625137,1436702.22,14.17786092,0,0,0,0,1,0,0,4,1.386294361
2006,CUSTER ,ID,375.7698764,141.203,141203,11.85795385,1451.85448,2107881.431,14.56119394,0,0,0,0,1,0,0,3,1.098612289
2007,CUSTER ,ID,354.8703992,125.9330002,125933.0002,11.7435053,1781.426488,3173480.332,14.97033944,0,0,0,0,1,0,0,6,1.791759469
2008,CUSTER ,ID,437.1086823,191.0640001,191064.0001,12.16036373,1269.146511,1610732.867,14.29219983,0,0,0,0,1,0,0,6,1.791759469
2009,CUSTER ,ID,409.09901,167.362,167362,12.02791441,1542.24287,2378513.07,14.68198609,0,0,0,0,1,0,0,6,1.791759469
2010,CUSTER ,ID,457.3652817,209.1830009,209183.0009,12.25096475,1626.88005,2646738.698,14.78883876,0,0,0,0,1,0,0,6,1.791759469
2011,CUSTER ,ID,461.3014205,212.7990006,212799.0006,12.26810334,1747.448905,3053577.677,14.93182447,0,0,0,0,1,0,0,5,1.609437912
2012,CUSTER ,ID,356.0744311,126.7890005,126789.0005,11.75027957,1328.590899,1765153.776,14.38374837,0,0,0,0,1,0,0,5,1.609437912
2013,CUSTER ,ID,423.9481097,179.7319997,179731.9997,12.09922213,965.4109639,932018.3292,13.74510776,0,0,0,0,1,0,0,5,1.609437912
2014,CUSTER ,ID,447.5768098,200.3250007,200325.0007,12.20769633,881.3748387,776821.6062,13.56296601,0,0,0,0,1,0,0,5,1.609437912
2015,CUSTER ,ID,220.1749307,48.47700011,48477.00011,10.78884474,323.4401034,104613.5005,11.55802789,0,0,0,0,1,0,0,3,1.098612289
2016,CUSTER ,ID,207.7931669,43.1780002,43178.0002,10.67308639,396.9929471,157603.4,11.96783703,0,0,0,0,1,0,0,2,0.693147181
2017,CUSTER ,ID,135.4215641,18.33900001,18339.00001,9.816785219,560.6918037,314375.2987,12.65834277,0,0,0,0,1,0,0,2,0.693147181
2018,CUSTER ,ID,136.4001466,18.605,18605,9.831185641,498.2799412,248282.8998,12.4223241,0,0,0,0,1,0,0,3,1.098612289
2019,CUSTER ,ID,119.0084031,14.163,14163,9.558388209,612.7643922,375480.2003,12.83596102,0,0,0,0,1,0,0,2,0.693147181
2020,CUSTER ,ID,152.1118013,23.13800008,23138.00008,10.04923157,531.4539487,282443.2996,12.5512331,0,0,0,0,1,0,0,2,0.693147181
2001,SHOSHONE,ID,320.9828661,103.0300003,103030.0003,11.54277549,4585.531915,21027102.95,16.86132278,0,0,0,0,1,0,0,14,2.63905733
2002,SHOSHONE,ID,271.3263717,73.618,73618,11.20664484,4272.194356,18251644.62,16.71976575,0,0,0,0,1,0,0,14,2.63905733
2003,SHOSHONE,ID,272.3986055,74.20100029,74201.00029,11.21453291,3876.758751,15029258.41,16.52550942,0,0,0,0,1,0,0,14,2.63905733
2004,SHOSHONE,ID,280.6884401,78.78600039,78786.00039,11.2744906,4144.036078,17173035.02,16.65885098,0,0,0,0,1,0,0,15,2.708050201
2005,SHOSHONE,ID,427.8527781,183.0579997,183057.9997,12.11755832,4291.503149,18416999.28,16.72878467,0,0,0,0,1,0,0,14,2.63905733
2006,SHOSHONE,ID,383.6196033,147.164,147164,11.89930289,4012.418276,16099500.43,16.5942988,0,0,0,0,1,0,0,14,2.63905733
2007,SHOSHONE,ID,417.7511227,174.5160005,174516.0005,12.06977171,4889.504363,23907252.91,16.98969244,0,0,0,0,1,0,0,22,3.091042453
2008,SHOSHONE,ID,531.3266409,282.3079993,282307.9993,12.55075395,5377.929862,28922129.6,17.18011759,0,0,0,0,1,0,0,22,3.091042453
2009,SHOSHONE,ID,480.7234131,231.0949999,231094.9999,12.35058416,4987.3785,24873944.3,17.0293314,0,0,0,0,1,0,0,21,3.044522438
2010,SHOSHONE,ID,561.1835693,314.9269985,314926.9985,12.66009614,5128.989114,26306529.33,17.08532773,0,0,0,0,1,0,0,26,3.258096538
2011,SHOSHONE,ID,608.3198179,370.0530009,370053.0009,12.82140152,4666.858774,21779570.82,16.89648297,0,0,0,0,1,0,0,27,3.295836866
2012,SHOSHONE,ID,450.8480907,203.2640009,203264.0009,12.22226091,2604.195533,6781834.374,15.72975818,0,0,0,0,1,0,0,7,1.945910149
2013,SHOSHONE,ID,594.7192616,353.6910001,353691.0001,12.77617893,4029.40302,16236088.7,16.60274702,0,0,0,0,1,0,0,16,2.772588722
2014,SHOSHONE,ID,675.744033,456.6299982,456629.9982,13.03162871,4692.11749,22015966.54,16.9072785,0,0,0,0,1,0,0,19,2.944438979
2015,SHOSHONE,ID,588.2159456,345.9979987,345997.9987,12.75418827,4723.700615,22313347.5,16.9206956,0,0,0,0,1,0,0,19,2.944438979
2016,SHOSHONE,ID,569.1651767,323.9489984,323948.9984,12.68834137,4599.815532,21158302.93,16.86754296,0,0,0,0,1,0,0,18,2.890371758
2017,SHOSHONE,ID,351.0398835,123.2289998,123228.9998,11.72179969,3119.532111,9731480.589,16.09087661,0,0,0,0,1,0,0,16,2.772588722
2018,SHOSHONE,ID,331.3472503,109.7910003,109791.0003,11.60633384,2728.586654,7445185.129,15.82307809,0,0,0,0,1,0,0,12,2.48490665
2019,SHOSHONE,ID,273.7261407,74.92600009,74926.00009,11.22425624,3011.035791,9066336.532,16.02007883,0,0,0,0,1,0,0,14,2.63905733
2020,SHOSHONE,ID,404.0136139,163.2270002,163227.0002,12.00289715,3958.859291,15672566.89,16.56742241,0,0,0,0,1,0,0,15,2.708050201
2021,SHOSHONE,ID,503.1530584,253.1630002,253163.0002,12.44178883,3802.441921,14458564.56,16.4867975,0,0,0,0,1,0,0,21,3.044522438
2022,SHOSHONE,ID,434.1946561,188.5249994,188524.9994,12.1469859,4441.4427,19726413.25,16.79746907,0,0,0,0,1,0,0,23,3.135494216
2023,SHOSHONE,ID,518.5826826,268.9279987,268927.9987,12.50219896,4312.140196,18594553.07,16.73837925,0,0,0,0,1,0,0,21,3.044522438
2011,ADAMS,IL,134.1678054,18.001,18001,9.798182591,185.8288186,34532.34983,10.44965184,0,0,0,1,0,0,0,4,1.386294361
2012,ADAMS,IL,150.4094414,22.62300007,22623.00007,10.02672237,186.8459256,34911.39992,10.4605687,0,0,0,1,0,0,0,4,1.386294361
2013,ADAMS,IL,162.4222889,26.38099992,26380.99992,10.18039933,194.6037257,37870.61006,10.54193063,0,0,0,1,0,0,0,4,1.386294361
2014,ADAMS,IL,173.6519511,30.15500012,30155.00012,10.31410603,202.5126908,41011.38992,10.62160511,0,0,0,1,0,0,0,4,1.386294361
2015,ADAMS,IL,192.6629184,37.11900012,37119.00012,10.52188425,210.6983859,44393.80981,10.70085532,0,0,0,1,0,0,0,4,1.386294361
2016,ADAMS,IL,183.6355083,33.72199992,33721.99992,10.42590572,219.5101592,48184.71001,10.78279703,0,0,0,1,0,0,0,5,1.609437912
2017,ADAMS,IL,195.3509667,38.16200019,38162.00019,10.54959554,227.5766023,51791.1099,10.85497379,0,0,0,1,0,0,0,5,1.609437912
2018,ADAMS,IL,201.2411489,40.49800003,40498.00003,10.60900787,246.4534434,60739.29976,11.01434621,0,0,0,1,0,0,0,5,1.609437912
2019,ADAMS,IL,189.8631083,36.0479999,36047.9999,10.49260666,247.2124998,61114.02008,11.02049658,0,0,0,1,0,0,0,5,1.609437912
2020,ADAMS,IL,186.1209284,34.64099998,34640.99998,10.45279323,186.7121311,34861.41991,10.45913605,0,0,0,1,0,0,0,5,1.609437912
2021,ADAMS,IL,186.1639059,34.65699985,34656.99985,10.453255,182.3450571,33249.71983,10.41180162,0,0,0,1,0,0,0,4,1.386294361
2022,ADAMS,IL,196.79939,38.7299999,38729.9999,10.56436977,173.107077,29966.06009,10.30782069,0,0,0,1,0,0,0,5,1.609437912
2023,ADAMS,IL,189.7630104,36.01000012,36010.00012,10.49155196,172.6510352,29808.37997,10.30254484,0,0,0,1,0,0,0,5,1.609437912
2015,FRANKLIN,IL,475.4576744,226.0600001,226060.0001,12.32855573,568.3661748,323040.1087,12.68553177,0,0,0,1,0,0,0,2,0.693147181
2016,FRANKLIN,IL,482.6686242,232.9690008,232969.0008,12.35866068,506.4699509,256511.8112,12.45492999,0,0,0,1,0,0,0,2,0.693147181
2017,FRANKLIN,IL,459.4224628,211.0689993,211068.9993,12.25994037,350.1541514,122607.9297,11.71674698,0,0,0,1,0,0,0,2,0.693147181
2018,FRANKLIN,IL,477.2295037,227.7479992,227747.9992,12.33599503,449.8964432,202406.8096,12.21803486,0,0,0,1,0,0,0,2,0.693147181
2019,FRANKLIN,IL,443.5324114,196.721,196721,12.18954176,458.4589516,210184.6103,12.25574152,0,0,0,1,0,0,0,2,0.693147181
2020,FRANKLIN,IL,316.4063847,100.1130003,100113.0003,11.51405483,340.4580885,115911.71,11.66058406,0,0,0,1,0,0,0,2,0.693147181
2021,FRANKLIN,IL,341.411775,116.5620001,116562.0001,11.6661786,410.6306239,168617.5093,12.03538817,0,0,0,1,0,0,0,2,0.693147181
2022,FRANKLIN,IL,310.0612845,96.13800017,96138.00017,11.47353994,311.9227622,97295.80956,11.4855112,0,0,0,1,0,0,0,2,0.693147181
2023,FRANKLIN,IL,317.1718783,100.5980004,100598.0004,11.51888766,320.6697829,102829.1097,11.54082376,0,0,0,1,0,0,0,2,0.693147181
2001,HARDIN,IL,193.0699358,37.27600012,37276.00012,10.52610497,512.1464632,262293.9997,12.47722129,0,0,0,1,0,0,0,5,1.609437912
2002,HARDIN,IL,172.1336689,29.62999998,29629.99998,10.29654264,550.8046836,303385.7994,12.62276054,0,0,0,1,0,0,0,5,1.609437912
2003,HARDIN,IL,182.6417255,33.35799991,33357.99991,10.4150529,663.8795816,440736.0988,12.99620156,0,0,0,1,0,0,0,5,1.609437912
2004,HARDIN,IL,182.9836062,33.48300012,33483.00012,10.41879313,653.8677246,427543.0012,12.96581015,0,0,0,1,0,0,0,5,1.609437912
2005,HARDIN,IL,165.0393896,27.23800011,27238.00011,10.21236834,488.5893981,238719.5999,12.38304492,0,0,0,1,0,0,0,5,1.609437912
2006,HARDIN,IL,155.6341865,24.222,24222,10.09501659,553.9873652,306902.0008,12.63428376,0,0,0,1,0,0,0,5,1.609437912
2007,HARDIN,IL,133.7273345,17.883,17883,9.79160582,518.0897605,268416.9999,12.50029702,0,0,0,1,0,0,0,4,1.386294361
2008,HARDIN,IL,113.8376036,12.95899999,12958.99999,9.469545806,321.49028,103356.0001,11.54593462,0,0,0,1,0,0,0,4,1.386294361
2009,HARDIN,IL,109.8407939,12.065,12065,9.398063978,460.6755919,212222.0009,12.26538818,0,0,0,1,0,0,0,3,1.098612289
2010,HARDIN,IL,101.4544233,10.293,10293,9.239219332,298.0687844,88845.00023,11.39464856,0,0,0,1,0,0,0,4,1.386294361
2011,HARDIN,IL,101.0791769,10.217,10217,9.231808279,173.7124064,30176.00014,10.31480219,0,0,0,1,0,0,0,4,1.386294361
2012,HARDIN,IL,106.1932201,11.277,11277,9.330520532,245.9796736,60505.99984,11.01049781,0,0,0,1,0,0,0,3,1.098612289
2015,WILLIAMSON,IL,343.8124481,118.2069995,118206.9995,11.6801926,379.5679511,144071.8295,11.87806727,0,0,0,1,0,0,0,2,0.693147181
2016,WILLIAMSON,IL,335.5353932,112.5840001,112584.0001,11.63145489,434.9116339,189148.1293,12.15028574,0,0,0,1,0,0,0,2,0.693147181
2017,WILLIAMSON,IL,324.4379757,105.2600001,105260.0001,11.56418876,405.8701882,164730.6097,12.01206675,0,0,0,1,0,0,0,2,0.693147181
2018,WILLIAMSON,IL,328.082306,107.6379995,107637.9995,11.58652902,596.6282007,355965.2099,12.78258828,0,0,0,1,0,0,0,2,0.693147181
2019,WILLIAMSON,IL,282.3508453,79.72199985,79721.99985,11.28630086,402.0711508,161661.2103,11.99325813,0,0,0,1,0,0,0,2,0.693147181
2020,WILLIAMSON,IL,220.3315682,48.54599995,48545.99995,10.79026708,302.2561994,91358.81005,11.42255,0,0,0,1,0,0,0,2,0.693147181
2021,WILLIAMSON,IL,284.9491177,81.19599969,81195.99969,11.30462126,409.0381529,167312.2105,12.02761687,0,0,0,1,0,0,0,2,0.693147181
2022,WILLIAMSON,IL,314.7935824,99.09499951,99094.99951,11.50383426,397.2566042,157812.8096,11.96916486,0,0,0,1,0,0,0,3,1.098612289
2023,WILLIAMSON,IL,320.8192642,102.9250003,102925.0003,11.54175585,392.7664832,154265.5103,11.94643049,0,0,0,1,0,0,0,3,1.098612289
2001,DAVIESS,IN,376.358872,141.6460005,141646.0005,11.86108627,443.881742,197031.0008,12.19111636,0,0,0,1,0,0,0,14,2.63905733
2002,DAVIESS,IN,343.7789986,118.1839999,118183.9999,11.67999801,333.8427771,111450.9998,11.62134031,0,0,0,1,0,0,0,10,2.302585093
2003,DAVIESS,IN,346.3870669,119.9840001,119984.0001,11.69511368,521.1289182,271575.3494,12.51199491,0,0,0,1,0,0,0,11,2.397895273
2004,DAVIESS,IN,314.0015917,98.59699959,98596.99959,11.49879611,559.8537674,313436.2409,12.65535124,0,0,0,1,0,0,0,10,2.302585093
2005,DAVIESS,IN,305.8349233,93.5350003,93535.0003,11.44609098,586.4859663,343965.7887,12.74829748,0,0,0,1,0,0,0,11,2.397895273
2006,DAVIESS,IN,304.4765994,92.70599959,92705.99959,11.43718847,299.1763189,89506.46981,11.40206619,0,0,0,1,0,0,0,7,1.945910149
2007,DAVIESS,IN,309.2733411,95.64999953,95649.99953,11.46845097,150.2716205,22581.55993,10.02488892,0,0,0,1,0,0,0,4,1.386294361
2008,DAVIESS,IN,251.1075466,63.05499998,63054.99998,11.05176264,338.1542543,114348.2997,11.64700433,0,0,0,1,0,0,0,9,2.197224577
2009,DAVIESS,IN,265.0150946,70.23300035,70233.00035,11.15957357,438.760754,192510.9992,12.16790857,0,0,0,1,0,0,0,10,2.302585093
2010,DAVIESS,IN,253.7932223,64.41099968,64410.99968,11.0730397,165.8342549,27501.00009,10.22197765,0,0,0,1,0,0,0,4,1.386294361
2011,DAVIESS,IN,254.4818266,64.76100005,64761.00005,11.07845885,182.9371479,33466.0001,10.41828528,0,0,0,1,0,0,0,4,1.386294361
2012,DAVIESS,IN,241.805707,58.46999993,58469.99993,10.97626908,297.5516758,88536.99976,11.39117582,0,0,0,1,0,0,0,7,1.945910149
2013,DAVIESS,IN,249.9099842,62.45500022,62455.00022,11.04220158,286.3529297,81998.00035,11.31445014,0,0,0,1,0,0,0,7,1.945910149
2014,DAVIESS,IN,164.3563202,27.01299998,27012.99998,10.20407351,29.25747767,855.9999999,6.752270376,0,0,0,1,0,0,0,1,0
2019,DAVIESS,IN,193.5871899,37.47600011,37476.00011,10.53145601,1203.519837,1448459.998,14.18601148,0,0,0,1,0,0,0,2,0.693147181
2006,JEFFERSON,KY,221.8535557,49.21900016,49219.00016,10.80403501,39.49683531,1560,7.3524411,0,0,1,0,0,0,0,1,0
2008,MUHLENBERG,KY,462.6586222,214.0530007,214053.0007,12.27397893,202.1732676,40874.03012,10.61825018,0,0,1,0,0,0,0,4,1.386294361
2009,MUHLENBERG,KY,415.363695,172.5269991,172526.9991,12.05830902,264.7067343,70069.65516,11.1572451,0,0,1,0,0,0,0,9,2.197224577
2010,MUHLENBERG,KY,409.8463117,167.9739992,167973.9992,12.03156448,249.040834,62021.337,11.03523375,0,0,1,0,0,0,0,6,1.791759469
2011,MUHLENBERG,KY,554.9738719,307.9959985,307995.9985,12.63784207,219.5431168,48199.18012,10.78309729,0,0,1,0,0,0,0,5,1.609437912
2012,MUHLENBERG,KY,508.1731978,258.239999,258239.999,12.46164466,159.3434658,25390.34011,10.14212407,0,0,1,0,0,0,0,2,0.693147181
2013,MUHLENBERG,KY,509.1708941,259.2549994,259254.9994,12.46556741,175.4711084,30790.10989,10.33494881,0,0,1,0,0,0,0,2,0.693147181
2014,MUHLENBERG,KY,523.2637949,273.8049991,273804.9991,12.52017145,120.2089015,14450.18,9.57846215,0,0,1,0,0,0,0,2,0.693147181
2015,MUHLENBERG,KY,472.9534858,223.6849997,223684.9997,12.31799409,100.1646145,10032.95,9.213629955,0,0,1,0,0,0,0,2,0.693147181
2016,MUHLENBERG,KY,400.5121727,160.4100005,160410.0005,11.98548832,118.1212089,13952.62,9.543422583,0,0,1,0,0,0,0,2,0.693147181
2017,MUHLENBERG,KY,383.8398103,147.333,147333,11.90045061,101.2552221,10252.62,9.235288562,0,0,1,0,0,0,0,2,0.693147181
2018,MUHLENBERG,KY,305.1982956,93.14599966,93145.99966,11.44192343,132.1953479,17475.61001,9.768561474,0,0,1,0,0,0,0,4,1.386294361
2019,MUHLENBERG,KY,286.7769168,82.24099999,82240.99999,11.31740924,120.4464736,14507.353,9.582410903,0,0,1,0,0,0,0,4,1.386294361
2020,MUHLENBERG,KY,307.7109028,94.68599972,94685.99972,11.45832143,135.4145598,18337.10301,9.816681773,0,0,1,0,0,0,0,2,0.693147181
2021,MUHLENBERG,KY,298.8829201,89.3309999,89330.9999,11.40010385,152.7913706,23345.20293,10.0581468,0,0,1,0,0,0,0,2,0.693147181
2022,MUHLENBERG,KY,347.6161678,120.8370001,120837.0001,11.70219781,169.5762427,28756.10208,10.26660527,0,0,1,0,0,0,0,2,0.693147181
2023,MUHLENBERG,KY,343.4588763,117.9639997,117963.9997,11.67813477,163.3683047,26689.20298,10.19201438,0,0,1,0,0,0,0,2,0.693147181
2001,REYNOLDS,MO,342.1607805,117.0739997,117073.9997,11.67056149,5325.208528,28357845.87,17.1604143,0,0,0,1,0,0,0,10,2.302585093
2002,REYNOLDS,MO,314.3644385,98.82500018,98825.00018,11.50110589,5235.342965,27408815.96,17.12637527,0,0,0,1,0,0,0,10,2.302585093
2003,REYNOLDS,MO,270.5771608,73.21199993,73211.99993,11.20111462,5097.360777,25983086.89,17.07295638,0,0,0,1,0,0,0,10,2.302585093
2004,REYNOLDS,MO,302.0496642,91.23399967,91233.99967,11.42118291,5476.49458,29991992.88,17.216441,0,0,0,1,0,0,0,10,2.302585093
2005,REYNOLDS,MO,373.8395371,139.7559995,139755.9995,11.84765332,6075.143626,36907370.07,17.42392182,0,0,0,1,0,0,0,10,2.302585093
2006,REYNOLDS,MO,335.4340467,112.5159997,112515.9997,11.63085071,6046.589028,36561238.87,17.41449919,0,0,0,1,0,0,0,10,2.302585093
2007,REYNOLDS,MO,345.6602375,119.4809998,119480.9998,11.69091264,5505.030695,30305362.95,17.22683525,0,0,0,1,0,0,0,9,2.197224577
2008,REYNOLDS,MO,316.2451582,100.0110001,100011.0001,11.51303546,4737.076726,22439895.91,16.926351,0,0,0,1,0,0,0,9,2.197224577
2009,REYNOLDS,MO,274.401166,75.29599989,75295.99989,11.22918229,4421.620868,19550731.1,16.78852324,0,0,0,1,0,0,0,10,2.302585093
2010,REYNOLDS,MO,281.7924762,79.40699964,79406.99964,11.2823418,4600.587998,21165409.93,16.8678788,0,0,0,1,0,0,0,9,2.197224577
2011,REYNOLDS,MO,289.5945438,83.86499982,83864.99982,11.33696364,4453.142029,19830473.93,16.8027304,0,0,0,1,0,0,0,11,2.397895273
2012,REYNOLDS,MO,295.264289,87.18100033,87181.00033,11.3757417,4700.053309,22090501.11,16.91065826,0,0,0,1,0,0,0,12,2.48490665
2013,REYNOLDS,MO,290.5081759,84.39500024,84395.00024,11.34326344,4702.759838,22115950.1,16.91180963,0,0,0,1,0,0,0,12,2.48490665
2014,REYNOLDS,MO,282.6871064,79.91200014,79912.00014,11.28868131,4898.65193,23996790.74,16.99343066,0,0,0,1,0,0,0,12,2.48490665
2015,REYNOLDS,MO,268.4883611,72.08600002,72086.00002,11.18561513,4801.581948,23055189.2,16.95340143,0,0,0,1,0,0,0,12,2.48490665
2016,REYNOLDS,MO,273.0091579,74.53400029,74534.00029,11.21901068,4243.447426,18006846.06,16.70626258,0,0,0,1,0,0,0,14,2.63905733
2017,REYNOLDS,MO,287.4926084,82.65199989,82651.99989,11.3223943,4127.560382,17036754.71,16.65088361,0,0,0,1,0,0,0,14,2.63905733
2018,REYNOLDS,MO,291.5990391,85.02999963,85029.99963,11.35075941,4222.263088,17827505.58,16.69625308,0,0,0,1,0,0,0,14,2.63905733
2019,REYNOLDS,MO,286.4122897,82.03199967,82031.99967,11.31486469,3674.858638,13504586.01,16.41853989,0,0,0,1,0,0,0,14,2.63905733
2020,REYNOLDS,MO,310.7458763,96.56299961,96562.99961,11.47795092,3721.309439,13848143.94,16.44366177,0,0,0,1,0,0,0,14,2.63905733
2001,STILLWATER,MT,699.9321383,489.9049982,489904.9982,13.10196677,952.2393964,906759.8681,13.71763294,0,0,0,0,1,0,0,10,2.302585093
2002,STILLWATER,MT,613.8493287,376.8109983,376810.9983,12.83949901,1144.599668,1310108.4,14.08562044,0,0,0,0,1,0,0,10,2.302585093
2003,STILLWATER,MT,607.158957,368.6419991,368641.9991,12.81758126,985.0372572,970298.398,13.78535893,0,0,0,0,1,0,0,11,2.397895273
2004,STILLWATER,MT,574.8373694,330.4380013,330438.0013,12.70817433,1054.240625,1111423.295,13.921152,0,0,0,0,1,0,0,11,2.397895273
2005,STILLWATER,MT,570.5795308,325.561001,325561.001,12.69330513,1035.058261,1071345.604,13.88442599,0,0,0,0,1,0,0,11,2.397895273
2006,STILLWATER,MT,552.0996277,304.8139989,304813.9989,12.62745703,855.5698088,731999.6977,13.50353538,0,0,0,0,1,0,0,10,2.302585093
2007,STILLWATER,MT,549.1894039,301.6090014,301609.0014,12.61688676,811.313813,658230.1031,13.39730985,0,0,0,0,1,0,0,10,2.302585093
2008,STILLWATER,MT,529.7065214,280.5889988,280588.9988,12.54464624,721.1764703,520095.5013,13.16176773,0,0,0,0,1,0,0,11,2.397895273
2009,STILLWATER,MT,536.9674107,288.3340002,288334.0002,12.57187481,747.4608356,558697.7007,13.23336382,0,0,0,0,1,0,0,10,2.302585093
2010,STILLWATER,MT,561.7739754,315.5899994,315589.9994,12.66219918,675.6428784,456493.2991,13.0313293,0,0,0,0,1,0,0,9,2.197224577
2011,STILLWATER,MT,573.9756105,329.4480014,329448.0014,12.70517381,688.7021126,474310.5998,13.06961766,0,0,0,0,1,0,0,10,2.302585093
2012,STILLWATER,MT,556.4512551,309.6379993,309637.9993,12.64315915,658.5815068,433729.6011,12.98017658,0,0,0,0,1,0,0,10,2.302585093
2013,STILLWATER,MT,588.6051322,346.4560016,346456.0016,12.75551111,618.2930525,382286.2987,12.85392508,0,0,0,0,1,0,0,9,2.197224577
2014,STILLWATER,MT,559.4193412,312.9499993,312949.9993,12.65379871,776.9597172,603666.4021,13.31077701,0,0,0,0,1,0,0,10,2.302585093
2015,STILLWATER,MT,523.7403939,274.3040002,274304.0002,12.52199226,737.746231,544269.5013,13.20719981,0,0,0,0,1,0,0,9,2.197224577
2016,STILLWATER,MT,456.8161558,208.6810002,208681.0002,12.24856205,768.099341,589976.5976,13.28783815,0,0,0,0,1,0,0,8,2.079441542
2017,STILLWATER,MT,515.2572163,265.4899989,265489.9989,12.48933245,891.937386,795552.3005,13.58679187,0,0,0,0,1,0,0,10,2.302585093
2018,STILLWATER,MT,520.9030631,271.3400011,271340.0011,12.51112793,949.5292496,901605.7958,13.71193267,0,0,0,0,1,0,0,10,2.302585093
2019,STILLWATER,MT,559.2557545,312.7669989,312766.9989,12.65321378,881.5579986,777144.5049,13.56338159,0,0,0,0,1,0,0,9,2.197224577
2020,STILLWATER,MT,677.0073842,458.3389982,458338.9982,13.03536436,713.1207066,508541.1421,13.1393014,0,0,0,0,1,0,0,9,2.197224577
2021,STILLWATER,MT,709.4342809,503.2969989,503296.9989,13.12893573,907.9342418,824344.5873,13.62234391,0,0,0,0,1,0,0,9,2.197224577
2001,SWEET GRASS,MT,361.7886115,130.8909994,130890.9994,11.78212019,475.2157398,225829.9994,12.32753778,0,0,0,0,1,0,0,7,1.945910149
2002,SWEET GRASS,MT,344.3936708,118.6070005,118607.0005,11.68357079,432.2487704,186838.9995,12.13800256,0,0,0,0,1,0,0,7,1.945910149
2003,SWEET GRASS,MT,361.299045,130.5369999,130536.9999,11.77941199,424.7403219,180404.3411,12.10295595,0,0,0,0,1,0,0,7,1.945910149
2004,SWEET GRASS,MT,350.620878,122.9350001,122935.0001,11.71941104,433.3019742,187750.6009,12.14286977,0,0,0,0,1,0,0,7,1.945910149
2005,SWEET GRASS,MT,369.1679834,136.285,136285,11.82250356,630.4765645,397500.6984,12.89295197,0,0,0,0,1,0,0,8,2.079441542
2006,SWEET GRASS,MT,372.2955823,138.6040006,138604.0006,11.83937623,457.0223977,208869.472,12.2494648,0,0,0,0,1,0,0,8,2.079441542
2007,SWEET GRASS,MT,426.8641467,182.2129997,182212.9997,12.11293161,476.0300441,226604.6028,12.33096194,0,0,0,0,1,0,0,8,2.079441542
2008,SWEET GRASS,MT,403.207142,162.5759994,162575.9994,11.99890086,453.7989461,205933.4835,12.2353085,0,0,0,0,1,0,0,8,2.079441542
2009,SWEET GRASS,MT,279.7659736,78.26899997,78268.99997,11.26790689,408.8666239,167171.9162,12.026778,0,0,0,0,1,0,0,8,2.079441542
2010,SWEET GRASS,MT,258.886075,67.02199982,67021.99982,11.1127762,392.7628462,154262.6534,11.94641197,0,0,0,0,1,0,0,9,2.197224577
2011,SWEET GRASS,MT,289.8723852,84.02599969,84025.99969,11.33888155,433.455672,187883.8196,12.14357907,0,0,0,0,1,0,0,9,2.197224577
2012,SWEET GRASS,MT,299.576368,89.74600026,89746.00026,11.40473874,405.486374,164419.1995,12.01017454,0,0,0,0,1,0,0,9,2.197224577
2013,SWEET GRASS,MT,318.7632342,101.6099995,101609.9995,11.52889723,421.469454,177636.5006,12.08749461,0,0,0,0,1,0,0,9,2.197224577
2014,SWEET GRASS,MT,318.5137357,101.4509998,101450.9998,11.5273312,498.8624069,248863.701,12.42466064,0,0,0,0,1,0,0,8,2.079441542
2015,SWEET GRASS,MT,316.7112245,100.3059997,100305.9997,11.51598079,573.9705136,329442.1505,12.70515605,0,0,0,0,1,0,0,8,2.079441542
2016,SWEET GRASS,MT,284.1320117,80.73100006,80731.00006,11.29887792,576.4151456,332254.4201,12.71365628,0,0,0,0,1,0,0,8,2.079441542
2017,SWEET GRASS,MT,309.1278051,95.55999986,95559.99986,11.4675096,571.2283859,326301.8689,12.69557821,0,0,0,0,1,0,0,8,2.079441542
2018,SWEET GRASS,MT,296.8113881,88.09700008,88097.00008,11.38619376,587.8074246,345517.5684,12.75279877,0,0,0,0,1,0,0,8,2.079441542
2019,SWEET GRASS,MT,303.8552282,92.32799971,92327.99971,11.43310273,640.8262248,410658.2504,12.92551664,0,0,0,0,1,0,0,8,2.079441542
2020,SWEET GRASS,MT,361.4899715,130.6749995,130674.9995,11.7804686,645.5652728,416754.5215,12.94025265,0,0,0,0,1,0,0,8,2.079441542
2021,SWEET GRASS,MT,367.2655718,134.8840002,134884.0002,11.81217043,668.9402074,447481.001,13.01138936,0,0,0,0,1,0,0,6,1.791759469
2022,SWEET GRASS,MT,316.0079116,99.8610002,99861.0002,11.5115345,534.3644811,285545.3987,12.56215631,0,0,0,0,1,0,0,9,2.197224577
2023,SWEET GRASS,MT,282.1630739,79.61600027,79616.00027,11.28497036,639.8888952,409457.7982,12.92258912,0,0,0,0,1,0,0,8,2.079441542
2001,GRANT,NM,533.322603,284.4329989,284432.9989,12.558253,9776.261498,95575288.87,18.37542486,0,0,0,0,0,1,0,39,3.663561646
2002,GRANT,NM,408.5180543,166.8870007,166887.0007,12.02507222,2142.864662,4591868.96,15.33979768,0,0,0,0,0,1,0,17,2.833213344
2003,GRANT,NM,402.8026804,162.2499993,162249.9993,11.99689363,3276.638014,10736356.68,16.18914636,0,0,0,0,0,1,0,27,3.295836866
2004,GRANT,NM,496.7001107,246.711,246711,12.41597289,1201.523405,1443658.493,14.18269107,0,0,0,0,0,1,0,14,2.63905733
2005,GRANT,NM,561.6395646,315.4390005,315439.0005,12.6617206,2104.234422,4427802.503,15.30341397,0,0,0,0,0,1,0,16,2.772588722
2006,GRANT,NM,582.8782028,339.7469993,339746.9993,12.7359565,3516.238292,12363931.72,16.33029406,0,0,0,0,0,1,0,14,2.63905733
2007,GRANT,NM,572.2018879,327.4150005,327415.0005,12.69898376,2663.417762,7093794.175,15.7747309,0,0,0,0,0,1,0,16,2.772588722
2008,GRANT,NM,614.8381916,378.0260018,378026.0018,12.84271826,2901.916399,8421118.787,15.94625325,0,0,0,0,0,1,0,16,2.772588722
2009,GRANT,NM,447.9062401,200.6199999,200619.9999,12.20916785,1869.614614,3495458.806,15.0669752,0,0,0,0,0,1,0,11,2.397895273
2010,GRANT,NM,444.4423477,197.5290004,197529.0004,12.19364069,1566.327106,2453380.605,14.71297747,0,0,0,0,0,1,0,11,2.397895273
2011,GRANT,NM,558.2517358,311.6450005,311645.0005,12.64962,1926.428954,3711128.514,15.12684657,0,0,0,0,0,1,0,13,2.564949357
2012,GRANT,NM,624.8007694,390.3760015,390376.0015,12.87486566,3189.009481,10169781.47,16.13493128,0,0,0,0,0,1,0,16,2.772588722
2013,GRANT,NM,657.6359166,432.4849988,432484.9988,12.97730292,3143.130117,9879266.934,16.10594887,0,0,0,0,0,1,0,15,2.708050201
2014,GRANT,NM,724.4963763,524.8949992,524894.9992,13.17095352,3013.521598,9081312.422,16.02172928,0,0,0,0,0,1,0,16,2.772588722
2015,GRANT,NM,699.6863582,489.5609999,489560.9999,13.10126435,2762.032415,7628823.062,15.84744414,0,0,0,0,0,1,0,16,2.772588722
2016,GRANT,NM,657.6085464,432.4490003,432449.0003,12.97721968,1896.177288,3595488.309,15.09519037,0,0,0,0,0,1,0,17,2.833213344
2017,GRANT,NM,708.8906831,502.5260006,502526.0006,13.12740266,1861.385804,3464757.11,15.05815309,0,0,0,0,0,1,0,17,2.833213344
2018,GRANT,NM,658.0136791,432.9820019,432982.0019,12.97845144,1750.574537,3064511.21,14.93539864,0,0,0,0,0,1,0,15,2.708050201
2019,GRANT,NM,638.9859138,408.302998,408302.998,12.91976482,1940.824283,3766798.898,15.1417361,0,0,0,0,0,1,0,16,2.772588722
2020,GRANT,NM,564.6228833,318.7990003,318799.0003,12.67231609,1084.007147,1175071.494,13.97683955,0,0,0,0,0,1,0,16,2.772588722
2021,GRANT,NM,658.2415986,433.2820021,433282.0021,12.97914407,1151.167277,1325186.1,14.09706346,0,0,0,0,0,1,0,15,2.708050201
2022,GRANT,NM,668.7241579,447.1919993,447191.9993,13.01074331,1335.693418,1784076.906,14.3944117,0,0,0,0,0,1,0,17,2.833213344
2023,GRANT,NM,634.0615108,402.0339995,402033.9995,12.90429194,1224.703227,1499897.994,14.22090766,0,0,0,0,0,1,0,17,2.833213344
2001,SAN JUAN,NM,1393.602166,1942.126996,1942126.996,14.47929432,1565.844501,2451869.003,14.71236115,0,0,0,0,0,1,0,13,2.564949357
2002,SAN JUAN,NM,1403.771708,1970.575007,1970575.007,14.49383594,1513.15796,2289647.011,14.64390822,0,0,0,0,0,1,0,12,2.48490665
2003,SAN JUAN,NM,1342.133747,1801.322995,1801322.995,14.40403195,1687.575479,2847910.997,14.8620963,0,0,0,0,0,1,0,12,2.48490665
2004,SAN JUAN,NM,1319.572277,1741.270993,1741270.993,14.37012586,1913.630056,3661979.99,15.11351454,0,0,0,0,0,1,0,13,2.564949357
2005,SAN JUAN,NM,1318.036799,1737.221003,1737221.003,14.36779727,1831.447515,3354200,15.02572385,0,0,0,0,0,1,0,12,2.48490665
2006,SAN JUAN,NM,1330.707327,1770.781991,1770781.991,14.38693181,1969.796939,3880099.983,15.17137148,0,0,0,0,0,1,0,13,2.564949357
2007,SAN JUAN,NM,1332.951986,1776.760997,1776760.997,14.3903026,1935.585183,3746490.001,15.13632996,0,0,0,0,0,1,0,12,2.48490665
2008,SAN JUAN,NM,1261.896195,1592.382006,1592382.006,14.28074157,1862.665835,3469524.011,15.05952797,0,0,0,0,0,1,0,14,2.63905733
2009,SAN JUAN,NM,1337.621773,1789.232008,1789232.008,14.39729704,1959.194141,3838441.681,15.16057703,0,0,0,0,0,1,0,14,2.63905733
2010,SAN JUAN,NM,1199.211822,1438.108994,1438108.994,14.17883961,1746.614209,3050661.194,14.93086891,0,0,0,0,0,1,0,13,2.564949357
2011,SAN JUAN,NM,1176.518591,1384.195995,1384195.995,14.14063002,1860.795503,3462559.904,15.05751873,0,0,0,0,0,1,0,14,2.63905733
2012,SAN JUAN,NM,1145.151956,1311.373003,1311373.003,14.08658524,1783.556752,3181074.688,14.97272965,0,0,0,0,0,1,0,14,2.63905733
2013,SAN JUAN,NM,1168.102738,1364.464006,1364464.006,14.12627224,1791.778588,3210470.508,14.98192806,0,0,0,0,0,1,0,14,2.63905733
2014,SAN JUAN,NM,1240.820695,1539.635996,1539635.996,14.24705658,1775.569765,3152647.992,14.96375329,0,0,0,0,0,1,0,14,2.63905733
2015,SAN JUAN,NM,1298.056624,1684.950998,1684950.998,14.33724704,1615.922613,2611205.892,14.7753227,0,0,0,0,0,1,0,13,2.564949357
2016,SAN JUAN,NM,1127.789431,1271.909001,1271909.001,14.05602948,1631.292525,2661115.304,14.79425588,0,0,0,0,0,1,0,13,2.564949357
2017,SAN JUAN,NM,1072.283076,1149.790995,1149790.995,13.95509074,1631.608285,2662145.594,14.79464297,0,0,0,0,0,1,0,13,2.564949357
2018,SAN JUAN,NM,1057.035478,1117.324001,1117324.001,13.9264471,990.7151985,981516.6045,13.79685421,0,0,0,0,0,1,0,13,2.564949357
2019,SAN JUAN,NM,1101.410004,1213.103997,1213103.997,14.00869292,1061.711354,1127230.999,13.93527474,0,0,0,0,0,1,0,13,2.564949357
2020,SAN JUAN,NM,1046.17159,1094.474995,1094474.995,13.90578535,1008.601508,1017277.002,13.83264001,0,0,0,0,0,1,0,12,2.48490665
2021,SAN JUAN,NM,1011.735639,1023.609004,1023609.004,13.83884518,964.129402,929545.5037,13.74245104,0,0,0,0,0,1,0,12,2.48490665
2022,SAN JUAN,NM,1029.176853,1059.204995,1059204.995,13.87302918,932.6687637,869871.0228,13.67610023,0,0,0,0,0,1,0,21,3.044522438
2023,SAN JUAN,NM,1118.790416,1251.691995,1251691.995,14.04000679,511.1001938,261223.4081,12.47313129,0,0,0,0,0,1,0,12,2.48490665
2001,ELKO,NV ,616.1517682,379.6430014,379643.0014,12.84698662,18103.72071,327744703.4,19.60774552,0,0,0,0,0,1,0,52,3.951243719
2002,ELKO,NV ,600.84191,361.0110008,361011.0008,12.79666371,9124.438661,83255380.89,18.23742332,0,0,0,0,0,1,0,50,3.912023005
2003,ELKO,NV ,632.6167889,400.2040016,400204.0016,12.8997297,9996.760805,99935226.59,18.4200328,0,0,0,0,0,1,0,52,3.951243719
2004,ELKO,NV ,710.2640341,504.4749982,504474.9982,13.13127356,7489.251251,56088884.3,17.84244821,0,0,0,0,0,1,0,47,3.850147602
2005,ELKO,NV ,714.8013701,510.9409987,510940.9987,13.1440094,7314.454881,53501250.21,17.79521558,0,0,0,0,0,1,0,47,3.850147602
2006,ELKO,NV ,825.7148409,681.8049985,681804.9985,13.43249897,7256.196119,52652382.12,17.77922204,0,0,0,0,0,1,0,49,3.891820298
2007,ELKO,NV ,802.0922651,643.3520017,643352.0017,13.37444729,7376.541011,54413357.28,17.81212022,0,0,0,0,0,1,0,59,4.077537444
2008,ELKO,NV ,878.580674,771.9040008,771904.0008,13.55661547,7497.995109,56219930.66,17.84478189,0,0,0,0,0,1,0,56,4.025351691
2009,ELKO,NV ,727.9196382,529.8669997,529866.9997,13.18038131,6594.994723,43493955.4,17.58813253,0,0,0,0,0,1,0,55,4.007333185
2010,ELKO,NV ,833.6102192,694.9059975,694905.9975,13.45153186,6757.872496,45668840.67,17.6369268,0,0,0,0,0,1,0,58,4.060443011
2011,ELKO,NV ,931.1798984,867.0960032,867096.0032,13.67290498,5842.07441,34129833.42,17.34568244,0,0,0,0,0,1,0,56,4.025351691
2012,ELKO,NV ,967.8238475,936.6829998,936682.9998,13.75010019,6043.005853,36517919.75,17.41331365,0,0,0,0,0,1,0,54,3.988984047
2013,ELKO,NV ,859.9930218,739.5879975,739587.9975,13.51384855,6111.497242,37350398.54,17.43585414,0,0,0,0,0,1,0,51,3.931825633
2014,ELKO,NV ,683.1786008,466.7330006,466733.0006,13.05351264,6024.033948,36288985.01,17.40702481,0,0,0,0,0,1,0,48,3.871201011
2015,ELKO,NV ,593.7676315,352.5600002,352560.0002,12.7729761,5762.68122,33208494.85,17.31831627,0,0,0,0,0,1,0,53,3.970291914
2016,ELKO,NV ,635.1283344,403.3880012,403388.0012,12.90765416,5618.874411,31571749.64,17.26777328,0,0,0,0,0,1,0,56,4.025351691
2017,ELKO,NV ,708.7552483,502.334002,502334.002,13.12702052,6702.603855,44924898.44,17.62050273,0,0,0,0,0,1,0,65,4.17438727
2018,ELKO,NV ,683.665122,467.397999,467397.999,13.05493642,6452.982235,41640979.73,17.54459533,0,0,0,0,0,1,0,64,4.158883083
2019,ELKO,NV ,684.2769922,468.235002,468235.002,13.05672559,11651.75504,135763395.6,18.72642419,0,0,0,0,0,1,0,97,4.574710979
2020,ELKO,NV ,760.7831476,578.7909976,578790.9976,13.26869672,14895.74685,221883274.3,19.21766201,0,0,0,0,0,1,0,84,4.430816799
2021,ELKO,NV ,760.9553208,579.0530003,579053.0003,13.26914929,16621.28821,276267221.7,19.43687915,0,0,0,0,0,1,0,92,4.521788577
2022,ELKO,NV ,694.4731809,482.292999,482292.999,13.08630709,14536.91078,211321775,19.16889253,0,0,0,0,0,1,0,82,4.406719247
2023,ELKO,NV ,635.2975679,403.6029998,403602.9998,12.908187,9718.371624,94446747.02,18.36354671,0,0,0,0,0,1,0,68,4.219507705
2001,EUREKA,NV ,1117.314637,1248.391999,1248391.999,14.03736688,13116.92323,172053675,18.96331705,0,0,0,0,0,1,0,35,3.555348061
2002,EUREKA,NV ,1148.368841,1318.750994,1318750.994,14.09219563,6607.508316,43659166.14,17.59192381,0,0,0,0,0,1,0,40,3.688879454
2003,EUREKA,NV ,1181.134203,1395.078006,1395078.006,14.14846089,5427.478036,29457517.83,17.19845971,0,0,0,0,0,1,0,30,3.401197382
2004,EUREKA,NV ,1167.97774,1364.172001,1364172.001,14.12605821,5484.219827,30076667.11,17.21926025,0,0,0,0,0,1,0,32,3.465735903
2005,EUREKA,NV ,1127.405428,1271.042998,1271042.998,14.05534838,7774.306951,60439848.58,17.91715919,0,0,0,0,0,1,0,33,3.496507561
2006,EUREKA,NV ,1267.443882,1606.413994,1606413.994,14.28951492,5367.431754,28809323.63,17.17620963,0,0,0,0,0,1,0,34,3.526360525
2007,EUREKA,NV ,1230.879767,1515.065,1515065,14.2309689,5728.906707,32820372.06,17.30655998,0,0,0,0,0,1,0,38,3.63758616
2008,EUREKA,NV ,1280.700592,1640.194007,1640194.007,14.31032509,5356.461885,28691683.92,17.17211788,0,0,0,0,0,1,0,36,3.583518938
2009,EUREKA,NV ,1248.636057,1559.092002,1559092.002,14.25961416,5383.382564,28980807.83,17.18214437,0,0,0,0,0,1,0,36,3.583518938
2010,EUREKA,NV ,1317.337845,1735.378998,1735378.998,14.36673639,5195.327433,26991427.13,17.11102986,0,0,0,0,0,1,0,34,3.526360525
2011,EUREKA,NV ,1342.430633,1802.120004,1802120.004,14.40447431,11096.73256,123137473.5,18.62881196,0,0,0,0,0,1,0,32,3.465735903
2012,EUREKA,NV ,1248.580794,1558.953998,1558953.998,14.25952564,8179.188097,66899117.92,18.01869634,0,0,0,0,0,1,0,33,3.496507561
2013,EUREKA,NV ,1145.705462,1312.641005,1312641.005,14.0875517,7811.685441,61022429.42,17.92675205,0,0,0,0,0,1,0,37,3.610917913
2014,EUREKA,NV ,1012.403084,1024.960005,1024960.005,13.84016415,7070.354683,49989915.35,17.72733185,0,0,0,0,0,1,0,32,3.465735903
2015,EUREKA,NV ,937.7243726,879.326999,879326.999,13.68691212,16015.63842,256500673.9,19.36264185,0,0,0,0,0,1,0,36,3.583518938
2016,EUREKA,NV ,1042.465829,1086.735004,1086735.004,13.89868835,7105.012039,50481196.08,17.73711147,0,0,0,0,0,1,0,41,3.713572067
2017,EUREKA,NV ,1137.702071,1294.366003,1294366.003,14.07353156,10474.2022,109708911.8,18.51334116,0,0,0,0,0,1,0,41,3.713572067
2018,EUREKA,NV ,1023.438812,1047.427001,1047427.001,13.86184724,7843.109817,61514371.6,17.93478139,0,0,0,0,0,1,0,41,3.713572067
2019,EUREKA,NV ,1029.986892,1060.872998,1060872.998,13.87460271,6194.544845,38372385.84,17.46284864,0,0,0,0,0,1,0,32,3.465735903
2020,EUREKA,NV ,1170.918017,1371.049002,1371049.002,14.1310867,6765.193985,45767849.66,17.63909243,0,0,0,0,0,1,0,29,3.36729583
2021,EUREKA,NV ,1112.948785,1238.654998,1238654.998,14.02953667,7024.519055,49343867.96,17.71432406,0,0,0,0,0,1,0,31,3.433987204
2022,EUREKA,NV ,988.0000022,976.1440044,976144.0044,13.7913654,6602.748066,43596282.02,17.59048243,0,0,0,0,0,1,0,32,3.465735903
2001,HUMBOLDT,NV ,510.514446,260.6249996,260624.9996,12.47083787,13293.53452,176718060.1,18.99006614,0,0,0,0,0,1,0,55,4.007333185
2002,HUMBOLDT,NV ,499.9669994,249.9670005,249967.0005,12.42908419,17820.11394,317556460.9,19.57616619,0,0,0,0,0,1,0,54,3.988984047
2003,HUMBOLDT,NV ,552.9855329,305.7929996,305792.9996,12.63066368,15119.55919,228601070,19.24748899,0,0,0,0,0,1,0,55,4.007333185
2004,HUMBOLDT,NV ,604.6329472,365.5810008,365581.0008,12.80924315,8781.020852,77106327.2,18.1606959,0,0,0,0,0,1,0,52,3.951243719
2005,HUMBOLDT,NV ,595.5661168,354.6989995,354698.9995,12.77902482,10457.36899,109356566.1,18.51012435,0,0,0,0,0,1,0,49,3.891820298
2006,HUMBOLDT,NV ,721.5538777,520.6399984,520639.9984,13.1628141,9150.694024,83735201.12,18.24317001,0,0,0,0,0,1,0,47,3.850147602
2007,HUMBOLDT,NV ,681.3427919,464.2280001,464228.0001,13.04813109,8120.227378,65938092.67,18.00422687,0,0,0,0,0,1,0,48,3.871201011
2008,HUMBOLDT,NV ,727.437282,529.1649992,529164.9992,13.17905557,5897.510048,34780624.76,17.36457103,0,0,0,0,0,1,0,39,3.663561646
2009,HUMBOLDT,NV ,733.5686752,538.1230013,538123.0013,13.19584244,7189.23847,51685149.78,17.76068106,0,0,0,0,0,1,0,42,3.737669618
2010,HUMBOLDT,NV ,840.4855748,706.4160014,706416.0014,13.46795958,13130.45559,172408864,18.96537933,0,0,0,0,0,1,0,41,3.713572067
2011,HUMBOLDT,NV ,882.2834004,778.4239986,778423.9986,13.56502664,11731.50633,137628240.7,18.7400667,0,0,0,0,0,1,0,45,3.80666249
2012,HUMBOLDT,NV ,851.678344,725.3560016,725356.0016,13.49441785,8848.050445,78287996.67,18.17590485,0,0,0,0,0,1,0,50,3.912023005
2013,HUMBOLDT,NV ,785.0700622,616.3350026,616335.0026,13.33154593,9177.554052,84227498.38,18.24903201,0,0,0,0,0,1,0,43,3.761200116
2014,HUMBOLDT,NV ,710.4224087,504.6999988,504699.9988,13.13171947,7523.407129,56601654.83,17.85154878,0,0,0,0,0,1,0,48,3.871201011
2015,HUMBOLDT,NV ,643.388686,413.9490013,413949.0013,12.93349806,13297.41155,176821153.9,18.99064935,0,0,0,0,0,1,0,48,3.871201011
2016,HUMBOLDT,NV ,674.9303666,455.5309998,455530.9998,13.02921905,13536.40011,183234127.8,19.02627528,0,0,0,0,0,1,0,42,3.737669618
2017,HUMBOLDT,NV ,739.5133539,546.8800006,546880.0006,13.21198468,12012.65606,144303905.7,18.78743209,0,0,0,0,0,1,0,42,3.737669618
2018,HUMBOLDT,NV ,656.9741256,431.6150017,431615.0017,12.97528927,10017.9646,100359614.7,18.42427044,0,0,0,0,0,1,0,33,3.496507561
2019,HUMBOLDT,NV ,676.4998156,457.6520005,457652.0005,13.03386435,7245.459603,52496684.86,17.77626058,0,0,0,0,0,1,0,60,4.094344562
2020,HUMBOLDT,NV ,797.2465113,635.6019998,635601.9998,13.36232786,8862.815459,78549497.86,18.17923953,0,0,0,0,0,1,0,63,4.143134726
2021,HUMBOLDT,NV ,773.0213439,597.5619982,597561.9982,13.30061332,4690.698973,22002656.85,16.90667377,0,0,0,0,0,1,0,58,4.060443011
2022,HUMBOLDT,NV ,672.0550588,451.6580021,451658.0021,13.02068054,4111.465569,16904149.12,16.64306966,0,0,0,0,0,1,0,55,4.007333185
2023,HUMBOLDT,NV ,659.2290954,434.5830002,434583.0002,12.98214223,4158.256397,17291096.26,16.66570226,0,0,0,0,0,1,0,52,3.951243719
2001,LANDER,NV ,648.3849152,420.4029983,420402.9983,12.94896905,8249.094741,68047564.05,18.03571749,0,0,0,0,0,1,0,33,3.496507561
2002,LANDER,NV ,652.0866521,425.2170018,425217.0018,12.96035491,1862.874931,3470303.007,15.05975247,0,0,0,0,0,1,0,31,3.433987204
2003,LANDER,NV ,666.0548037,443.6290015,443629.0015,13.00274391,1669.584797,2787513.395,14.8406605,0,0,0,0,0,1,0,22,3.091042453
2004,LANDER,NV ,643.3785817,413.9359994,413935.9994,12.93346665,1187.191853,1409424.496,14.15869202,0,0,0,0,0,1,0,21,3.044522438
2005,LANDER,NV ,616.623061,380.2239993,380223.9993,12.84851583,4585.520062,21026994.24,16.86131761,0,0,0,0,0,1,0,23,3.135494216
2006,LANDER,NV ,681.894419,464.9799987,464979.9987,13.04974967,4742.447397,22490807.32,16.92861722,0,0,0,0,0,1,0,33,3.496507561
2007,LANDER,NV ,630.4664927,397.4879984,397487.9984,12.89292002,4144.785201,17179244.36,16.65921249,0,0,0,0,0,1,0,30,3.401197382
2008,LANDER,NV ,698.1303618,487.386002,487386.002,13.0968117,8080.896998,65300896.3,17.99451632,0,0,0,0,0,1,0,32,3.465735903
2009,LANDER,NV ,726.6642962,528.0409994,528040.9994,13.17692921,9835.937607,96745668.61,18.38759612,0,0,0,0,0,1,0,30,3.401197382
2010,LANDER,NV ,827.138439,684.1579972,684157.9972,13.43594416,10989.96239,120779273.3,18.60947525,0,0,0,0,0,1,0,29,3.36729583
2011,LANDER,NV ,871.8531991,760.1280007,760128.0007,13.54124212,9419.614282,88729133.22,18.30109884,0,0,0,0,0,1,0,28,3.33220451
2012,LANDER,NV ,815.3520719,664.7990011,664799.0011,13.40724002,8528.610274,72737193.2,18.10236341,0,0,0,0,0,1,0,28,3.33220451
2013,LANDER,NV ,760.8679263,578.9200013,578920.0013,13.26891958,11869.24488,140878974.1,18.76341174,0,0,0,0,0,1,0,33,3.496507561
2014,LANDER,NV ,704.6154972,496.4829989,496482.9989,13.11530452,10084.66226,101700412.8,18.43754192,0,0,0,0,0,1,0,34,3.526360525
2015,LANDER,NV ,653.8172512,427.476998,427476.998,12.96565576,6975.854478,48662545.7,17.70042021,0,0,0,0,0,1,0,33,3.496507561
2016,LANDER,NV ,719.3775074,517.5039982,517503.9982,13.15677253,7078.100113,50099501.2,17.72952161,0,0,0,0,0,1,0,35,3.555348061
2017,LANDER,NV ,796.8431469,634.9590007,634959.0007,13.36131571,6887.423112,47436597.12,17.67490458,0,0,0,0,0,1,0,44,3.784189634
2018,LANDER,NV ,722.510899,522.0219992,522021.9992,13.16546501,7564.276963,57218285.97,17.86238409,0,0,0,0,0,1,0,54,3.988984047
2019,LANDER,NV ,744.0302406,553.580999,553580.999,13.22416336,7598.748411,57740977.42,17.87147766,0,0,0,0,0,1,0,51,3.931825633
2020,LANDER,NV ,801.0237203,641.6390005,641639.0005,13.37178112,7516.202968,56493307.06,17.84963273,0,0,0,0,0,1,0,52,3.951243719
2021,LANDER,NV ,797.6120609,636.1849997,636184.9997,13.36324468,7431.039324,55220345.43,17.82684202,0,0,0,0,0,1,0,51,3.931825633
2022,LANDER,NV ,725.7850924,526.7640003,526764.0003,13.17450791,6368.196726,40553929.55,17.51814324,0,0,0,0,0,1,0,49,3.891820298
2001,NYE,NV ,524.3109765,274.9020001,274902.0001,12.52416995,3387.908116,11477921.4,16.25593587,0,0,0,0,0,1,0,20,2.995732274
2002,NYE,NV ,518.6000373,268.9459987,268945.9987,12.50226589,1082.272098,1171312.895,13.97363581,0,0,0,0,0,1,0,11,2.397895273
2003,NYE,NV ,540.2073677,291.8240001,291824.0001,12.58390616,990.5128705,981115.7466,13.79644572,0,0,0,0,0,1,0,11,2.397895273
2004,NYE,NV ,549.4524544,301.8979997,301897.9997,12.61784449,951.5002362,905352.6995,13.71607987,0,0,0,0,0,1,0,11,2.397895273
2005,NYE,NV ,507.0463477,257.0959987,257095.9987,12.45720483,928.0485516,861274.1142,13.6661681,0,0,0,0,0,1,0,11,2.397895273
2006,NYE,NV ,568.8154354,323.5509996,323550.9996,12.68711203,1505.643815,2266963.299,14.63395174,0,0,0,0,0,1,0,10,2.302585093
2007,NYE,NV ,551.9311554,304.6280003,304628.0003,12.62684664,1562.123746,2440230.598,14.7076031,0,0,0,0,0,1,0,11,2.397895273
2008,NYE,NV ,573.2381701,328.6019997,328601.9997,12.70260257,1335.522667,1783620.794,14.39415601,0,0,0,0,0,1,0,11,2.397895273
2009,NYE,NV ,537.519302,288.927,288927,12.57392934,1264.903514,1599980.901,14.28550225,0,0,0,0,0,1,0,14,2.63905733
2010,NYE,NV ,582.8687661,339.7359985,339735.9985,12.73592412,1390.63018,1933852.296,14.47502458,0,0,0,0,0,1,0,12,2.48490665
2011,NYE,NV ,598.3460527,358.0179988,358017.9988,12.78833854,2383.531356,5681221.725,15.55267686,0,0,0,0,0,1,0,13,2.564949357
2012,NYE,NV ,586.9548527,344.5159991,344515.9991,12.74989581,514.3662112,264572.5993,12.48587097,0,0,0,0,0,1,0,14,2.63905733
2013,NYE,NV ,545.6097518,297.6900013,297690.0013,12.60380796,1267.28785,1606018.496,14.28926869,0,0,0,0,0,1,0,12,2.48490665
2014,NYE,NV ,508.070862,258.1360008,258136.0008,12.46124186,1235.383948,1526173.5,14.23827418,0,0,0,0,0,1,0,12,2.48490665
2015,NYE,NV ,469.3527462,220.2920004,220292.0004,12.30270922,1406.843667,1979209.103,14.49820788,0,0,0,0,0,1,0,13,2.564949357
2016,NYE,NV ,505.9199549,255.9550008,255955.0008,12.45275693,1778.79954,3164127.803,14.967388,0,0,0,0,0,1,0,13,2.564949357
2017,NYE,NV ,539.2587493,290.7999987,290799.9987,12.58039102,2597.251488,6745715.294,15.72441809,0,0,0,0,0,1,0,12,2.48490665
2018,NYE,NV ,491.3094752,241.3850004,241385.0004,12.39414845,3178.17188,10100776.5,16.12812286,0,0,0,0,0,1,0,15,2.708050201
2019,NYE,NV ,501.5914682,251.594001,251594.001,12.43557196,3197.504338,10224033.99,16.14025178,0,0,0,0,0,1,0,15,2.708050201
2020,NYE,NV ,602.5736479,363.0950011,363095.0011,12.80241979,4760.841489,22665611.68,16.93635943,0,0,0,0,0,1,0,16,2.772588722
2021,NYE,NV ,583.3249519,340.2679995,340267.9995,12.73748882,2531.390271,6407936.704,15.67304789,0,0,0,0,0,1,0,14,2.63905733
2022,NYE,NV ,514.6299636,264.8439994,264843.9994,12.48689625,3659.432391,13391445.43,16.41012666,0,0,0,0,0,1,0,14,2.63905733
2023,NYE,NV ,493.9686235,244.005001,244005.001,12.404944,2383.58209,5681463.58,15.55271943,0,0,0,0,0,1,0,15,2.708050201
2001,PERSHING,NV ,395.256879,156.2280004,156228.0004,11.95907176,2034.946922,4141008.976,15.23645003,0,0,0,0,0,1,0,16,2.772588722
2002,PERSHING,NV ,395.5224384,156.4379993,156437.9993,11.96041504,1945.808732,3786171.62,15.14686594,0,0,0,0,0,1,0,18,2.890371758
2003,PERSHING,NV ,423.0082744,178.9360002,178936.0002,12.09478348,2591.881477,6717849.591,15.72027866,0,0,0,0,0,1,0,19,2.944438979
2004,PERSHING,NV ,413.7450902,171.1849997,171184.9997,12.05050012,9274.127519,86009441.24,18.26996763,0,0,0,0,0,1,0,19,2.944438979
2005,PERSHING,NV ,360.8392993,130.2049999,130204.9999,11.77686541,6920.554497,47894074.54,17.68450235,0,0,0,0,0,1,0,16,2.772588722
2006,PERSHING,NV ,391.4153804,153.206,153206,11.9395387,2400.679953,5763264.237,15.56701458,0,0,0,0,0,1,0,16,2.772588722
2007,PERSHING,NV ,391.1176286,152.9729994,152972.9994,11.93801671,1543.629947,2382793.412,14.68378406,0,0,0,0,0,1,0,16,2.772588722
2008,PERSHING,NV ,362.4251644,131.3519998,131351.9998,11.78563602,500.2386627,250238.7197,12.43017062,0,0,0,0,0,1,0,14,2.63905733
2009,PERSHING,NV ,304.6653908,92.82100035,92821.00035,11.43842819,522.2986496,272795.8794,12.5164791,0,0,0,0,0,1,0,13,2.564949357
2010,PERSHING,NV ,334.7222723,112.0389996,112038.9996,11.6266023,354.8083289,125888.9502,11.74315545,0,0,0,0,0,1,0,13,2.564949357
2011,PERSHING,NV ,409.5241148,167.7100006,167710.0006,12.02999158,5865.932075,34409159.11,17.35383334,0,0,0,0,0,1,0,17,2.833213344
2012,PERSHING,NV ,413.1500937,170.6929999,170692.9999,12.0476219,2027.099951,4109134.211,15.22872291,0,0,0,0,0,1,0,18,2.890371758
2013,PERSHING,NV ,388.2202992,150.7150007,150715.0007,11.92314592,1804.940552,3257810.396,14.99656587,0,0,0,0,0,1,0,17,2.833213344
2014,PERSHING,NV ,366.3741265,134.2300006,134230.0006,11.80731003,2496.641843,6233220.491,15.64540369,0,0,0,0,0,1,0,18,2.890371758
2015,PERSHING,NV ,323.2955304,104.52,104520,11.55713372,3139.90166,9858982.436,16.10389352,0,0,0,0,0,1,0,19,2.944438979
2016,PERSHING,NV ,349.6326651,122.2430005,122243.0005,11.71376615,2054.335681,4220295.09,15.25541561,0,0,0,0,0,1,0,17,2.833213344
2017,PERSHING,NV ,412.4803033,170.1400006,170140.0006,12.04437691,3313.544877,10979579.65,16.21154771,0,0,0,0,0,1,0,16,2.772588722
2018,PERSHING,NV ,378.9722942,143.6199998,143619.9998,11.8749262,2927.018669,8567438.291,15.96347933,0,0,0,0,0,1,0,19,2.944438979
2019,PERSHING,NV ,376.2060599,141.5309995,141530.9995,11.86027405,2340.357899,5477275.096,15.51611829,0,0,0,0,0,1,0,17,2.833213344
2020,PERSHING,NV ,465.0999901,216.3180008,216318.0008,12.28450483,2218.117018,4920043.107,15.40882785,0,0,0,0,0,1,0,21,3.044522438
2021,PERSHING,NV ,480.6204315,230.9959992,230995.9992,12.35015567,1209.387981,1462619.289,14.19573942,0,0,0,0,0,1,0,19,2.944438979
2022,PERSHING,NV ,417.4685617,174.28,174280,12.06841848,1440.427999,2074832.821,14.54539114,0,0,0,0,0,1,0,18,2.890371758
2023,PERSHING,NV ,406.4664798,165.2149992,165214.9992,12.01500293,3039.663553,9239554.517,16.03900423,0,0,0,0,0,1,0,21,3.044522438
2001,WHITE PINE,NV ,222.3285861,49.43000018,49430.00018,10.80831281,3433.369776,11788028.02,16.282595,0,0,0,0,0,1,0,10,2.302585093
2002,WHITE PINE,NV ,212.037732,44.95999979,44959.99979,10.71352848,531.5570528,282552.9004,12.55162107,0,0,0,0,0,1,0,6,1.791759469
2003,WHITE PINE,NV ,208.9066779,43.64200007,43642.00007,10.68377527,579.3450608,335640.6995,12.72379652,0,0,0,0,0,1,0,8,2.079441542
2004,WHITE PINE,NV ,307.2816304,94.42200039,94422.00039,11.45552938,968.2957428,937596.6455,13.75107512,0,0,0,0,0,1,0,14,2.63905733
2005,WHITE PINE,NV ,424.0919713,179.8540001,179854.0001,12.09990069,4615.880732,21306354.94,16.87451594,0,0,0,0,0,1,0,17,2.833213344
2006,WHITE PINE,NV ,511.3785279,261.5079988,261507.9988,12.47422015,3363.975742,11316332.79,16.24175762,0,0,0,0,0,1,0,16,2.772588722
2007,WHITE PINE,NV ,522.7054619,273.2209999,273220.9999,12.51803627,4274.414466,18270619.03,16.72080481,0,0,0,0,0,1,0,16,2.772588722
2008,WHITE PINE,NV ,544.0073539,295.9440011,295944.0011,12.59792553,3539.493901,12528017.07,16.34347806,0,0,0,0,0,1,0,15,2.708050201
2009,WHITE PINE,NV ,491.4468424,241.5199989,241519.9989,12.39470756,3485.136255,12146174.72,16.31252484,0,0,0,0,0,1,0,15,2.708050201
2010,WHITE PINE,NV ,555.0675622,308.0999986,308099.9986,12.63817968,3546.346916,12576576.45,16.34734663,0,0,0,0,0,1,0,21,3.044522438
2011,WHITE PINE,NV ,655.212942,429.3039993,429303.9993,12.96992057,10094.01169,101889072,18.43939525,0,0,0,0,0,1,0,19,2.944438979
2012,WHITE PINE,NV ,605.0999917,366.146,366146,12.81078744,3571.843936,12758069.1,16.3616745,0,0,0,0,0,1,0,16,2.772588722
2013,WHITE PINE,NV ,537.5481379,288.9580006,288958.0006,12.57403663,5671.02882,32160567.88,17.28625166,0,0,0,0,0,1,0,18,2.890371758
2014,WHITE PINE,NV ,506.5352898,256.5779998,256577.9998,12.45518799,4674.226203,21848390.6,16.89963782,0,0,0,0,0,1,0,18,2.890371758
2015,WHITE PINE,NV ,465.3256928,216.5280004,216528.0004,12.28547515,6626.872948,43915445.07,17.59777664,0,0,0,0,0,1,0,19,2.944438979
2016,WHITE PINE,NV ,495.5118556,245.531999,245531.999,12.41118256,4541.874154,20628620.83,16.84219003,0,0,0,0,0,1,0,28,3.33220451
2017,WHITE PINE,NV ,574.5528695,330.1109998,330110.9998,12.70718424,5136.850693,26387235.04,17.08839093,0,0,0,0,0,1,0,28,3.33220451
2018,WHITE PINE,NV ,534.6110724,285.8089987,285808.9987,12.56307903,3266.278639,10668576.15,16.18281317,0,0,0,0,0,1,0,25,3.218875825
2019,WHITE PINE,NV ,537.2094577,288.5940014,288594.0014,12.57277614,5252.153175,27585112.97,17.1327868,0,0,0,0,0,1,0,29,3.36729583
2020,WHITE PINE,NV ,639.9374966,409.5199995,409519.9995,12.92274102,4612.861665,21278492.74,16.87320739,0,0,0,0,0,1,0,30,3.401197382
2021,WHITE PINE,NV ,621.420148,386.1630003,386163.0003,12.86401484,4606.91666,21223681.12,16.87062815,0,0,0,0,0,1,0,34,3.526360525
2022,WHITE PINE,NV ,562.2837356,316.1629993,316162.9993,12.66401318,4963.623736,24637560.6,17.01978269,0,0,0,0,0,1,0,33,3.496507561
2023,WHITE PINE,NV ,553.5864872,306.4579988,306457.9988,12.63283599,3915.695626,15332672.24,16.54549655,0,0,0,0,0,1,0,30,3.401197382
2001,HAMILTON,OH,242.4252463,58.77000002,58770.00002,10.9813868,140.9716284,19873.00001,9.897117306,0,0,0,1,0,0,0,2,0.693147181
2002,HAMILTON,OH,159.0628807,25.30100001,25301.00001,10.1385992,128.3744523,16479.99999,9.709902803,0,0,0,1,0,0,0,2,0.693147181
2003,HAMILTON,OH,138.3726851,19.14699999,19146.99999,9.859901324,87.75534174,7701.000004,8.94910547,0,0,0,1,0,0,0,2,0.693147181
2004,HAMILTON,OH,138.2389236,19.11,19110,9.857967037,74.69939757,5579.999998,8.626944055,0,0,0,1,0,0,0,2,0.693147181
2005,HAMILTON,OH,155.9390904,24.31699992,24316.99992,10.09893097,76.4198927,5840.000001,8.672486076,0,0,0,1,0,0,0,2,0.693147181
2006,HAMILTON,OH,180.540854,32.59499996,32594.99996,10.39191418,75.49834436,5700.000001,8.648221454,0,0,0,1,0,0,0,2,0.693147181
2001,ELK,PA,110.5848091,12.229,12229,9.411565459,137.1750707,18817.00001,9.842515996,0,1,0,0,0,0,0,1,0
2002,ELK,PA,124.3302055,15.45800001,15458.00001,9.645881948,246.1706722,60599.99988,11.01205017,0,1,0,0,0,0,0,3,1.098612289
2003,ELK,PA,118.570654,14.059,14059,9.551018039,144.7446027,20951,9.949941657,0,1,0,0,0,0,0,3,1.098612289
2001,SOMERSET,PA,476.4923912,227.0449989,227044.9989,12.33290351,245.1844428,60115.41098,11.00402151,0,1,0,0,0,0,0,10,2.302585093
2002,SOMERSET,PA,424.0860764,179.8490002,179849.0002,12.09987289,235.5244277,55471.75604,10.92362927,0,1,0,0,0,0,0,10,2.302585093
2003,SOMERSET,PA,449.6998994,202.2299995,202229.9995,12.21716094,228.9186843,52403.76401,10.8667337,0,1,0,0,0,0,0,9,2.197224577
2004,SOMERSET,PA,450.65064,203.0859993,203085.9993,12.22138481,264.9886076,70218.96218,11.15937367,0,1,0,0,0,0,0,10,2.302585093
2005,SOMERSET,PA,458.8834265,210.5739991,210573.9991,12.25759241,290.7899747,84558.80936,11.34520254,0,1,0,0,0,0,0,10,2.302585093
2006,SOMERSET,PA,458.11134,209.8659998,209865.9998,12.25422451,301.6006375,90962.94457,11.4182075,0,1,0,0,0,0,0,10,2.302585093
2007,SOMERSET,PA,482.7318097,233.0300001,233030.0001,12.35892248,324.7840728,105484.6939,11.56632114,0,1,0,0,0,0,0,10,2.302585093
2008,SOMERSET,PA,497.0744407,247.0829996,247082.9996,12.41747959,314.3018186,98785.63318,11.50070746,0,1,0,0,0,0,0,14,2.63905733
2009,SOMERSET,PA,468.054485,219.0750009,219075.0009,12.29716942,313.7716337,98452.63809,11.49733088,0,1,0,0,0,0,0,19,2.944438979
2010,SOMERSET,PA,543.2402791,295.1100008,295110.0008,12.59510345,326.348006,106503.021,11.57592863,0,1,0,0,0,0,0,17,2.833213344
2011,SOMERSET,PA,549.8417942,302.3259987,302325.9987,12.61926118,289.7673631,83965.12474,11.33815681,0,1,0,0,0,0,0,12,2.48490665
2012,SOMERSET,PA,475.5018392,226.1019991,226101.9991,12.3287415,383.4313574,147019.6059,11.89832123,0,1,0,0,0,0,0,14,2.63905733
2013,SOMERSET,PA,417.9832542,174.7100008,174710.0008,12.07088274,366.5002029,134322.3987,11.80799815,0,1,0,0,0,0,0,14,2.63905733
2014,SOMERSET,PA,377.7869774,142.7230003,142723.0003,11.86866097,485.4359412,235648.053,12.37009467,0,1,0,0,0,0,0,8,2.079441542
2015,SOMERSET,PA,348.2197583,121.2570001,121257.0001,11.70566754,356.5861908,127153.7115,11.75315196,0,1,0,0,0,0,0,6,1.791759469
2017,LANCASTER,SC,340.1190965,115.6809998,115680.9998,11.65859168,1691.71839,2861911.11,14.86700018,0,0,1,0,0,0,0,16,2.772588722
2018,LANCASTER,SC,363.7856516,132.3400003,132340.0003,11.79312965,1935.431862,3745896.492,15.13617153,0,0,1,0,0,0,0,16,2.772588722
2019,LANCASTER,SC,364.8369495,133.1059997,133105.9997,11.79890108,2369.997134,5616886.417,15.54128805,0,0,1,0,0,0,0,18,2.890371758
2020,LANCASTER,SC,411.8944038,169.6569999,169656.9999,12.04153403,2394.571669,5733973.478,15.5619193,0,0,1,0,0,0,0,18,2.890371758
2022,LANCASTER,SC,414.0821172,171.4639998,171463.9998,12.05212861,2797.05326,7823506.942,15.87264347,0,0,1,0,0,0,0,18,2.890371758
2023,LANCASTER,SC,475.7972248,226.3829991,226382.9991,12.32998353,2229.563042,4970951.359,15.4191218,0,0,1,0,0,0,0,18,2.890371758
2001,MONTGOMERY,TN,296.2667719,87.77400016,87774.00016,11.38252061,4900.976329,24019568.97,16.99437943,0,0,1,0,0,0,0,9,2.197224577
2002,MONTGOMERY,TN,312.035254,97.36599974,97365.99974,11.48623235,4095.63012,16774186.08,16.63535172,0,0,1,0,0,0,0,11,2.397895273
2003,MONTGOMERY,TN,305.0163937,93.03500043,93035.00043,11.44073105,4045.218782,16363794.99,16.61058183,0,0,1,0,0,0,0,11,2.397895273
2004,MONTGOMERY,TN,252.519306,63.76599988,63765.99988,11.06297541,5116.736666,26180994.11,17.08054429,0,0,1,0,0,0,0,12,2.48490665
2005,MONTGOMERY,TN,275.6573958,75.98699985,75986.99985,11.23831755,4182.678689,17494801.02,16.67741431,0,0,1,0,0,0,0,13,2.564949357
2006,MONTGOMERY,TN,287.5221728,82.66899984,82668.99984,11.32259996,4963.903941,24640342.34,17.01989559,0,0,1,0,0,0,0,11,2.397895273
2007,MONTGOMERY,TN,343.329288,117.875,117875,11.67738002,5049.810642,25500587.52,17.05421205,0,0,1,0,0,0,0,10,2.302585093
2008,MONTGOMERY,TN,284.6717409,81.03800004,81038.00004,11.30267346,4391.538675,19285611.93,16.77486988,0,0,1,0,0,0,0,10,2.302585093
2009,MONTGOMERY,TN,285.9125743,81.74600017,81746.00017,11.31137216,4575.978914,20939583.02,16.85715185,0,0,1,0,0,0,0,10,2.302585093
2010,MONTGOMERY,TN,275.0581762,75.65700028,75657.00028,11.23396525,3881.383204,15065135.58,16.52789373,0,0,1,0,0,0,0,10,2.302585093
2011,MONTGOMERY,TN,251.3622888,63.18300021,63183.00021,11.05379056,3905.633316,15253971.6,16.54035046,0,0,1,0,0,0,0,10,2.302585093
2012,MONTGOMERY,TN,235.7350206,55.57099992,55570.99992,10.92541676,3062.949272,9381658.24,16.05426709,0,0,1,0,0,0,0,10,2.302585093
2013,MONTGOMERY,TN,243.552869,59.31799999,59317.99999,10.99066808,2447.961423,5992515.129,15.60602177,0,0,1,0,0,0,0,10,2.302585093
2014,MONTGOMERY,TN,241.5698656,58.35599999,58355.99999,10.97431746,2607.279058,6797904.086,15.7321249,0,0,1,0,0,0,0,10,2.302585093
2015,MONTGOMERY,TN,236.6643198,56.01000027,56010.00027,10.93328553,2736.159736,7486570.1,15.82862132,0,0,1,0,0,0,0,10,2.302585093
2016,MONTGOMERY,TN,270.6676934,73.26100027,73261.00027,11.20178369,3963.860012,15712186.19,16.56994716,0,0,1,0,0,0,0,10,2.302585093
2017,MONTGOMERY,TN,267.7312088,71.68000017,71680.00017,11.17996705,3467.395744,12022833.24,16.30231817,0,0,1,0,0,0,0,10,2.302585093
2018,MONTGOMERY,TN,283.3831333,80.30600025,80306.00025,11.29359962,4386.5466,19241791.07,16.77259509,0,0,1,0,0,0,0,10,2.302585093
2019,MONTGOMERY,TN,268.1510765,71.90499983,71904.99983,11.18310108,3934.647948,15481454.47,16.55515338,0,0,1,0,0,0,0,10,2.302585093
2020,MONTGOMERY,TN,298.3856568,89.03400016,89034.00016,11.3967736,3830.05164,14669295.56,16.50126713,0,0,1,0,0,0,0,10,2.302585093
2022,MONTGOMERY,TN,298.5347555,89.12300026,89123.00026,11.39777272,4114.960669,16932901.3,16.64476911,0,0,1,0,0,0,0,10,2.302585093
2023,MONTGOMERY,TN,299.0334425,89.42099974,89420.99974,11.40111083,3554.166087,12632096.57,16.35175148,0,0,1,0,0,0,0,10,2.302585093
2001,MILLARD,UT,172.5485437,29.77299995,29772.99995,10.30135722,937.3012871,878533.7029,13.68600955,0,0,0,0,1,0,0,8,2.079441542
2002,MILLARD,UT,148.546289,22.06599997,22065.99997,10.00179324,854.0858281,729462.6017,13.50006338,0,0,0,0,1,0,0,8,2.079441542
2003,MILLARD,UT,147.6109752,21.78899999,21788.99999,9.989160534,776.122928,602366.7994,13.30862184,0,0,0,0,1,0,0,8,2.079441542
2004,MILLARD,UT,162.2898639,26.33799994,26337.99994,10.17876804,816.8196632,667194.3622,13.41083668,0,0,0,0,1,0,0,8,2.079441542
2005,MILLARD,UT,184.1276736,33.90300017,33903.00017,10.43125879,860.9223375,741187.2712,13.5160086,0,0,0,0,1,0,0,8,2.079441542
2006,MILLARD,UT,181.8845791,33.08200011,33082.00011,10.40674461,940.583272,884696.8916,13.69300037,0,0,0,0,1,0,0,8,2.079441542
2007,MILLARD,UT,182.0247233,33.13299988,33132.99988,10.40828504,895.1884413,801362.3454,13.59406849,0,0,0,0,1,0,0,8,2.079441542
2008,MILLARD,UT,180.4161857,32.55000008,32550.00008,10.39053265,981.1245855,962605.4523,13.7773989,0,0,0,0,1,0,0,8,2.079441542
2009,MILLARD,UT,189.0317433,35.73299998,35732.99998,10.48382991,855.1911661,731351.9305,13.50265006,0,0,0,0,1,0,0,8,2.079441542
2010,MILLARD,UT,197.1141801,38.85399998,38853.99998,10.56756631,971.6416707,944087.5363,13.75797417,0,0,0,0,1,0,0,8,2.079441542
2011,MILLARD,UT,201.6358101,40.65699992,40656.99992,10.6129263,1104.276888,1219427.446,14.013892,0,0,0,0,1,0,0,8,2.079441542
2012,MILLARD,UT,175.459397,30.78599999,30785.99999,10.33481532,1044.169488,1090289.919,13.9019542,0,0,0,0,1,0,0,8,2.079441542
2013,MILLARD,UT,192.8885691,37.20600009,37206.00009,10.52422532,1128.966651,1274565.699,14.05811605,0,0,0,0,1,0,0,8,2.079441542
2014,MILLARD,UT,232.3101379,53.96800015,53968.00015,10.89614656,1278.298326,1634046.611,14.30657008,0,0,0,0,1,0,0,8,2.079441542
2015,MILLARD,UT,199.2159635,39.68700011,39687.00011,10.58877896,1145.622487,1312450.883,14.08740685,0,0,0,0,1,0,0,7,1.945910149
2016,MILLARD,UT,204.7315318,41.91500012,41915.00012,10.64339904,1076.17912,1158161.498,13.96234439,0,0,0,0,1,0,0,7,1.945910149
2017,MILLARD,UT,234.8637902,55.16099995,55160.99995,10.91801146,1066.34994,1137102.195,13.94399365,0,0,0,0,1,0,0,7,1.945910149
2018,MILLARD,UT,218.7212843,47.83900022,47839.00022,10.77559649,1083.686019,1174375.389,13.97624698,0,0,0,0,1,0,0,6,1.791759469
2019,MILLARD,UT,225.6413078,50.9139998,50913.9998,10.83789321,1066.001306,1136358.785,13.94333966,0,0,0,0,1,0,0,6,1.791759469
2020,MILLARD,UT,242.7282428,58.91699984,58916.99984,10.98388495,1063.394028,1130806.859,13.93844197,0,0,0,0,1,0,0,6,1.791759469
2021,MILLARD,UT,241.1596977,58.15799978,58157.99978,10.97091872,1081.262209,1169127.965,13.9717687,0,0,0,0,1,0,0,6,1.791759469
2022,MILLARD,UT,225.9601734,51.05799998,51057.99998,10.84071752,1152.178014,1327514.175,14.09881871,0,0,0,0,1,0,0,6,1.791759469
2023,MILLARD,UT,195.6910832,38.29500006,38295.00006,10.55307462,1123.28989,1261780.176,14.04803412,0,0,0,0,1,0,0,6,1.791759469
2001,SALT LAKE,UT,820.1627901,672.6670022,672667.0022,13.41900569,13727.28511,188438356.5,19.05428149,0,0,0,0,1,0,0,26,3.258096538
2002,SALT LAKE,UT,727.318363,528.9920011,528992.0011,13.17872859,10660.78399,113652315.3,18.54865448,0,0,0,0,1,0,0,26,3.258096538
2003,SALT LAKE,UT,711.3121692,505.9650021,505965.0021,13.13422278,13487.63684,181916347.5,19.01905751,0,0,0,0,1,0,0,26,3.258096538
2004,SALT LAKE,UT,769.0162533,591.3859979,591385.9979,13.29022421,10500.11244,110252361.3,18.51828249,0,0,0,0,1,0,0,26,3.258096538
2005,SALT LAKE,UT,870.2453688,757.3270019,757327.0019,13.53755041,9848.949808,97001812.32,18.39024022,0,0,0,0,1,0,0,26,3.258096538
2006,SALT LAKE,UT,964.9673582,931.1620023,931162.0023,13.74418855,12157.03125,147793408.8,18.81132597,0,0,0,0,1,0,0,25,3.218875825
2007,SALT LAKE,UT,978.4165797,957.2990035,957299.0035,13.77187106,11328.56544,128336394.9,18.67016546,0,0,0,0,1,0,0,25,3.218875825
2008,SALT LAKE,UT,992.7472004,985.547004,985547.004,13.8009521,12901.27013,166442770.9,18.93016209,0,0,0,0,1,0,0,22,3.091042453
2009,SALT LAKE,UT,1027.149943,1055.037005,1055037.005,13.8690864,10016.00307,100320317.5,18.4238788,0,0,0,0,1,0,0,24,3.17805383
2010,SALT LAKE,UT,1097.73084,1205.012996,1205012.996,14.00200091,11130.74235,123893425.2,18.63493228,0,0,0,0,1,0,0,24,3.17805383
2011,SALT LAKE,UT,1113.545686,1239.983995,1239983.995,14.03060903,12055.68865,145339628.9,18.79458383,0,0,0,0,1,0,0,24,3.17805383
2012,SALT LAKE,UT,1046.412441,1094.978997,1094978.997,13.90624574,12220.65889,149344503.6,18.8217663,0,0,0,0,1,0,0,24,3.17805383
2013,SALT LAKE,UT,1076.924325,1159.766002,1159766.002,13.96372882,21989.25678,483527413.8,19.99661857,0,0,0,0,1,0,0,32,3.465735903
2014,SALT LAKE,UT,1146.372542,1314.170006,1314170.006,14.08871585,12735.64794,162196728.5,18.90432053,0,0,0,0,1,0,0,23,3.135494216
2015,SALT LAKE,UT,992.3794656,984.8170038,984817.0038,13.80021112,12813.90784,164196234.1,18.91657282,0,0,0,0,1,0,0,18,2.890371758
2016,SALT LAKE,UT,988.4052789,976.9449954,976944.9954,13.79218563,14185.48865,201228088.2,19.11994959,0,0,0,0,1,0,0,18,2.890371758
2017,SALT LAKE,UT,1110.233308,1232.617999,1232617.999,14.02465092,15309.24855,234373091.1,19.27242481,0,0,0,0,1,0,0,17,2.833213344
2018,SALT LAKE,UT,1140.372309,1300.449003,1300449.003,14.07822015,15139.43647,229202536.6,19.25011661,0,0,0,0,1,0,0,18,2.890371758
2019,SALT LAKE,UT,1165.699792,1358.856004,1358856.004,14.12215373,11332.60411,128427916,18.67087834,0,0,0,0,1,0,0,19,2.944438979
2020,SALT LAKE,UT,1260.789436,1589.590001,1589590.001,14.27898668,11328.19665,128328039.2,18.67010035,0,0,0,0,1,0,0,20,2.995732274
2021,SALT LAKE,UT,1282.45,1644.678003,1644678.003,14.31305518,12223.99088,149425952.9,18.82231153,0,0,0,0,1,0,0,21,3.044522438
2022,SALT LAKE,UT,1167.788508,1363.729999,1363729.999,14.12573415,11505.92829,132386385.8,18.70123537,0,0,0,0,1,0,0,21,3.044522438
2023,SALT LAKE,UT,1109.236223,1230.404998,1230404.998,14.02285394,15581.90704,242795827,19.30773143,0,0,0,0,1,0,0,20,2.995732274
2001,BOONE,WV,1143.868434,1308.434994,1308434.994,14.08434232,523.5518682,274106.5587,12.52127221,0,0,1,0,0,0,0,5,1.609437912
2002,BOONE,WV,1109.140206,1230.191997,1230191.997,14.02268081,553.2226071,306055.253,12.63152093,0,0,1,0,0,0,0,8,2.079441542
2003,BOONE,WV,1127.97252,1272.322006,1272322.006,14.05635414,660.4054239,436135.3239,12.98570785,0,0,1,0,0,0,0,14,2.63905733
2004,BOONE,WV,1092.413841,1193.368001,1193368.001,13.99229012,554.7479436,307745.281,12.63702771,0,0,1,0,0,0,0,5,1.609437912
2005,BOONE,WV,1112.133087,1236.840003,1236840.003,14.0280703,533.2369369,284341.6309,12.55793172,0,0,1,0,0,0,0,3,1.098612289
2006,BOONE,WV,1075.647247,1157.017001,1157017.001,13.9613557,941.5644544,886543.6218,13.69508561,0,0,1,0,0,0,0,3,1.098612289
2007,BOONE,WV,1138.45158,1296.072,1296072,14.07484871,239.5767105,57397.00022,10.95774732,0,0,1,0,0,0,0,1,0
2008,BOONE,WV,1095.499431,1200.119004,1200119.004,13.99793128,958.8075913,919311.9971,13.73138084,0,0,1,0,0,0,0,2,0.693147181
2009,BOONE,WV,1054.139459,1111.21,1111210,13.92096007,500.8303094,250830.9989,12.43253468,0,0,1,0,0,0,0,2,0.693147181
2010,BOONE,WV,996.8018859,993.6139998,993613.9998,13.80910408,659.0371756,434329.9988,12.98155989,0,0,1,0,0,0,0,3,1.098612289
2011,BOONE,WV,990.6644256,981.4160042,981416.0042,13.79675171,570.265727,325202.9994,12.69220488,0,0,1,0,0,0,0,3,1.098612289
2012,BOONE,WV,851.4358461,724.943,724943,13.49384831,505.5581063,255588.9988,12.45132596,0,0,1,0,0,0,0,3,1.098612289
2013,BOONE,WV,783.4507023,613.795003,613795.003,13.32741628,353.3411956,124850.0005,11.7348683,0,0,1,0,0,0,0,3,1.098612289
2014,BOONE,WV,725.8009364,526.7869993,526786.9993,13.17455157,301.9917216,91198.9999,11.42079921,0,0,1,0,0,0,0,2,0.693147181
2015,BOONE,WV,608.1085425,369.7959995,369795.9995,12.82070678,351.8550831,123801.9995,11.72643879,0,0,1,0,0,0,0,2,0.693147181
2016,BOONE,WV,481.2327929,231.585001,231585.001,12.35270226,166.8433394,27836.69992,10.23411057,0,0,1,0,0,0,0,2,0.693147181
2017,BOONE,WV,500.2439403,250.2439998,250243.9998,12.43019172,284.525921,80954.9997,11.30164872,0,0,1,0,0,0,0,2,0.693147181
2018,BOONE,WV,475.9611318,226.538999,226538.999,12.33067239,218.2773463,47644.99992,10.77153297,0,0,1,0,0,0,0,2,0.693147181
2001,FAYETTE,WV,386.1579991,149.1180003,149118.0003,11.91249322,604.8784991,365877.9987,12.81005522,0,0,1,0,0,0,0,11,2.397895273
2002,FAYETTE,WV,436.5524027,190.5780003,190578.0003,12.15781684,568.8549894,323595.999,12.6872511,0,0,1,0,0,0,0,11,2.397895273
2003,FAYETTE,WV,368.0869454,135.4879994,135487.9994,11.81663835,563.1367506,317122.9999,12.66704499,0,0,1,0,0,0,0,9,2.197224577
2004,FAYETTE,WV,384.3292858,147.7089999,147708.9999,11.9029994,478.1673353,228644.0005,12.33992149,0,0,1,0,0,0,0,11,2.397895273
2005,FAYETTE,WV,412.5542387,170.2009999,170200.9999,12.04473537,552.3418317,305081.4991,12.62833423,0,0,1,0,0,0,0,18,2.890371758
2006,FAYETTE,WV,411.8725533,169.6390002,169639.0002,12.04142793,529.0132321,279854.9998,12.54202689,0,0,1,0,0,0,0,18,2.890371758
2007,FAYETTE,WV,497.2574774,247.2649988,247264.9988,12.41821591,624.0793227,389475.001,12.87255496,0,0,1,0,0,0,0,17,2.833213344
2008,FAYETTE,WV,532.4021048,283.4520012,283452.0012,12.55479808,674.5257592,454984.9998,13.02801973,0,0,1,0,0,0,0,18,2.890371758
2019,FAYETTE,WV,379.2426661,143.8249998,143824.9998,11.87635256,69.15271505,4782.097998,8.472634641,0,0,1,0,0,0,0,2,0.693147181
2001,Monongalia,WV,568.0827416,322.7180013,322718.0013,12.68453416,832.4318903,692942.8519,13.44870281,0,0,1,0,0,0,0,21,3.044522438
2002,Monongalia,WV,536.2135763,287.5249994,287524.9994,12.56906509,953.1804022,908552.8791,13.71960837,0,0,1,0,0,0,0,19,2.944438979
2003,Monongalia,WV,534.1376221,285.3029993,285302.9993,12.56130705,730.1786097,533160.802,13.18657835,0,0,1,0,0,0,0,16,2.772588722
2004,Monongalia,WV,512.3104531,262.4620004,262462.0004,12.47786159,935.7766816,875677.9979,13.68275372,0,0,1,0,0,0,0,27,3.295836866
2005,Monongalia,WV,527.8295185,278.6040006,278604.0006,12.5375467,594.4555918,353377.4507,12.77529203,0,0,1,0,0,0,0,19,2.944438979
2006,Monongalia,WV,538.8200063,290.3269992,290326.9992,12.57876315,785.3116576,616714.3995,13.33216131,0,0,1,0,0,0,0,12,2.48490665
2007,Monongalia,WV,560.7869472,314.4820001,314482.0001,12.65868212,747.8566723,559289.6023,13.23442269,0,0,1,0,0,0,0,12,2.48490665
2008,Monongalia,WV,558.4514302,311.8679999,311867.9999,12.6503353,776.0676506,602280.9983,13.30847939,0,0,1,0,0,0,0,11,2.397895273
2009,Monongalia,WV,549.6116814,302.0730003,302073.0003,12.61842399,606.4117071,367735.1585,12.81511828,0,0,1,0,0,0,0,10,2.302585093
2010,Monongalia,WV,584.0479438,341.1120007,341112.0007,12.73996615,586.4344458,343905.3592,12.74812178,0,0,1,0,0,0,0,10,2.302585093
2011,Monongalia,WV,601.2886156,361.5479993,361547.9993,12.79815009,617.9529118,381865.8012,12.85282452,0,0,1,0,0,0,0,11,2.397895273
2012,Monongalia,WV,470.4221509,221.2970001,221297.0001,12.30726097,522.3454784,272844.7988,12.51665841,0,0,1,0,0,0,0,10,2.302585093
2013,Monongalia,WV,524.9799991,275.6039995,275603.9995,12.52672033,626.0143224,391893.9318,12.8787465,0,0,1,0,0,0,0,13,2.564949357
2014,Monongalia,WV,444.4817203,197.5639997,197563.9997,12.19381786,648.8668897,421028.2405,12.95045519,0,0,1,0,0,0,0,12,2.48490665
2015,Monongalia,WV,430.8897772,185.6660001,185666.0001,12.13170464,586.3533241,343810.2207,12.7478451,0,0,1,0,0,0,0,10,2.302585093
2016,Monongalia,WV,404.4551894,163.5840002,163584.0002,12.0050819,822.9845148,677303.5117,13.42587477,0,0,1,0,0,0,0,13,2.564949357
2017,Monongalia,WV,430.8421988,185.6250003,185625.0003,12.13148379,718.3133073,515974.0074,13.15381167,0,0,1,0,0,0,0,12,2.48490665
2018,Monongalia,WV,398.8508491,159.0819998,159081.9998,11.97717507,591.6938495,350101.6115,12.76597871,0,0,1,0,0,0,0,10,2.302585093
2019,Monongalia,WV,445.7723631,198.7129997,198712.9997,12.19961685,868.5789627,754429.4144,13.533717,0,0,1,0,0,0,0,13,2.564949357
2020,Monongalia,WV,489.0061348,239.1269999,239126.9999,12.38475007,751.9837164,565479.5097,13.24542934,0,0,1,0,0,0,0,13,2.564949357
2021,Monongalia,WV,522.5016752,273.0080006,273008.0006,12.51725638,627.3003324,393505.707,12.88285085,0,0,1,0,0,0,0,12,2.48490665
2022,Monongalia,WV,557.8664713,311.2149998,311214.9998,12.64823927,646.081263,417420.9984,12.94185058,0,0,1,0,0,0,0,10,2.302585093
2023,Monongalia,WV,599.536487,359.4439992,359443.9992,12.79231367,634.3941982,402455.9988,12.90534105,0,0,1,0,0,0,0,10,2.302585093
2001,WEBSTER,WV,426.3507951,181.7750005,181775.0005,12.11052494,112.1293896,12573.00001,9.439306937,0,0,1,0,0,0,0,1,0
2002,WEBSTER,WV,435.5410428,189.696,189696,12.15317807,90.06014658,8110.830003,9.000955485,0,0,1,0,0,0,0,1,0
2003,WEBSTER,WV,419.8273457,176.2550002,176255.0002,12.07968709,264.9053043,70174.82027,11.15874484,0,0,1,0,0,0,0,3,1.098612289
2004,WEBSTER,WV,384.7726595,148.0499995,148049.9995,11.90530533,110.6542363,12244.36,9.412820702,0,0,1,0,0,0,0,1,0
2005,WEBSTER,WV,416.185055,173.21,173210,12.06226001,97.95733767,9595.640004,9.169064108,0,0,1,0,0,0,0,1,0
2006,WEBSTER,WV,428.4553642,183.5739991,183573.9991,12.12037313,115.8582323,13423.13,9.504734617,0,0,1,0,0,0,0,1,0
2007,WEBSTER,WV,432.593343,187.1370004,187137.0004,12.13959625,165.2698099,27314.11007,10.2151587,0,0,1,0,0,0,0,1,0
2008,WEBSTER,WV,439.5702456,193.2220008,193222.0008,12.17159507,144.6567662,20925.58,9.948727613,0,0,1,0,0,0,0,1,0
2009,WEBSTER,WV,423.4170513,179.2819993,179281.9993,12.09671526,119.5099159,14282.61999,9.566798692,0,0,1,0,0,0,0,1,0
2010,WEBSTER,WV,392.5748344,154.1150006,154115.0006,11.94545436,111.1390571,12351.89,9.421564367,0,0,1,0,0,0,0,1,0
2011,WEBSTER,WV,366.5992355,134.3949995,134394.9995,11.8085385,96.99927837,9408.860004,9.149407078,0,0,1,0,0,0,0,1,0
2012,WEBSTER,WV,301.3353608,90.80299966,90802.99966,11.4164476,70.95392871,5034.459999,8.52406155,0,0,1,0,0,0,0,1,0
2001,WYOMING,WV,566.6815694,321.1280011,321128.0011,12.67959508,415.055954,172271.4449,12.05682668,0,0,1,0,0,0,0,10,2.302585093
2002,WYOMING,WV,557.8431669,311.1889989,311188.9989,12.64815572,451.768493,204094.7713,12.22633973,0,0,1,0,0,0,0,9,2.197224577
2003,WYOMING,WV,502.5305957,252.5369996,252536.9996,12.43931305,384.0472013,147492.2528,11.90153093,0,0,1,0,0,0,0,9,2.197224577
2004,WYOMING,WV,479.3120061,229.7399992,229739.9992,12.34470351,334.2192317,111702.4948,11.62359432,0,0,1,0,0,0,0,9,2.197224577
2005,WYOMING,WV,574.3448443,329.8720002,329872.0002,12.70645998,337.9105718,114183.5545,11.64556256,0,0,1,0,0,0,0,5,1.609437912
2006,WYOMING,WV,557.9811832,311.3430008,311343.0008,12.64865048,305.157884,93121.33414,11.44165859,0,0,1,0,0,0,0,5,1.609437912
2007,WYOMING,WV,541.4166606,293.1320004,293132.0004,12.5883783,287.2447386,82509.53983,11.3206692,0,0,1,0,0,0,0,4,1.386294361
2008,WYOMING,WV,532.5945923,283.6569998,283656.9998,12.55552104,336.8123516,113442.5602,11.63905191,0,0,1,0,0,0,0,7,1.945910149
2009,WYOMING,WV,461.7217768,213.1869992,213186.9992,12.26992499,194.2450002,37731.12011,10.5382405,0,0,1,0,0,0,0,3,1.098612289
2010,WYOMING,WV,492.9736306,243.0230005,243023.0005,12.40091137,230.8952363,53312.61013,10.88392817,0,0,1,0,0,0,0,3,1.098612289
2011,WYOMING,WV,493.812717,243.8509995,243850.9995,12.40431266,269.8198287,72802.73994,11.19550887,0,0,1,0,0,0,0,3,1.098612289
2012,WYOMING,WV,504.4848855,254.5049997,254504.9997,12.44707576,328.7934608,108105.1399,11.59085955,0,0,1,0,0,0,0,4,1.386294361
2013,WYOMING,WV,531.5543259,282.5500014,282550.0014,12.55161081,325.9888196,106268.7105,11.57372617,0,0,1,0,0,0,0,3,1.098612289
2014,WYOMING,WV,479.270279,229.7000003,229700.0003,12.34452939,326.0766169,106325.9601,11.57426475,0,0,1,0,0,0,0,3,1.098612289
2015,WYOMING,WV,494.0404839,244.0759997,244075.9997,12.40523493,307.4389528,94518.70969,11.45655308,0,0,1,0,0,0,0,3,1.098612289
2016,WYOMING,WV,459.1034748,210.7760006,210776.0006,12.25855124,160.9758365,25913.21994,10.16250854,0,0,1,0,0,0,0,2,0.693147181
2017,WYOMING,WV,507.0424054,257.0920009,257092.0009,12.45718928,238.6825712,56969.36977,10.95026903,0,0,1,0,0,0,0,3,1.098612289
